<annotation>
	<folder>labeled image</folder>
	<filename>img-20.png</filename>
	<path>/home/samuel/Downloads/labeled image/img-20.png</path>
	<source>
		<database>Unknown</database>
	</source>
	<size>
		<width>840</width>
		<height>1191</height>
		<depth>3</depth>
	</size>
	<segmented>0</segmented>
	<object>
		<name>section_header</name>
		<pose>Unspecified</pose>
		<truncated>0</truncated>
		<difficult>0</difficult>
		<bndbox>
			<xmin>59</xmin>
			<ymin>247</ymin>
			<xmax>161</xmax>
			<ymax>278</ymax>
		</bndbox>
	</object>
	<object>
		<name>text</name>
		<pose>Unspecified</pose>
		<truncated>0</truncated>
		<difficult>0</difficult>
		<bndbox>
			<xmin>46</xmin>
			<ymin>272</ymin>
			<xmax>761</xmax>
			<ymax>404</ymax>
		</bndbox>
	</object>
	<object>
		<name>section_header</name>
		<pose>Unspecified</pose>
		<truncated>0</truncated>
		<difficult>0</difficult>
		<bndbox>
			<xmin>63</xmin>
			<ymin>412</ymin>
			<xmax>202</xmax>
			<ymax>442</ymax>
		</bndbox>
	</object>
	<object>
		<name>text</name>
		<pose>Unspecified</pose>
		<truncated>0</truncated>
		<difficult>0</difficult>
		<bndbox>
			<xmin>60</xmin>
			<ymin>433</ymin>
			<xmax>739</xmax>
			<ymax>576</ymax>
		</bndbox>
	</object>
	<object>
		<name>section_header</name>
		<pose>Unspecified</pose>
		<truncated>0</truncated>
		<difficult>0</difficult>
		<bndbox>
			<xmin>60</xmin>
			<ymin>574</ymin>
			<xmax>166</xmax>
			<ymax>610</ymax>
		</bndbox>
	</object>
	<object>
		<name>text</name>
		<pose>Unspecified</pose>
		<truncated>0</truncated>
		<difficult>0</difficult>
		<bndbox>
			<xmin>59</xmin>
			<ymin>602</ymin>
			<xmax>779</xmax>
			<ymax>799</ymax>
		</bndbox>
	</object>
	<object>
		<name>section_header</name>
		<pose>Unspecified</pose>
		<truncated>0</truncated>
		<difficult>0</difficult>
		<bndbox>
			<xmin>54</xmin>
			<ymin>811</ymin>
			<xmax>214</xmax>
			<ymax>841</ymax>
		</bndbox>
	</object>
	<object>
		<name>text</name>
		<pose>Unspecified</pose>
		<truncated>0</truncated>
		<difficult>0</difficult>
		<bndbox>
			<xmin>56</xmin>
			<ymin>845</ymin>
			<xmax>786</xmax>
			<ymax>1112</ymax>
		</bndbox>
	</object>
</annotation>
