<annotation>
	<folder>labeled image</folder>
	<filename>img-2.png</filename>
	<path>/home/samuel/Downloads/labeled image/img-2.png</path>
	<source>
		<database>Unknown</database>
	</source>
	<size>
		<width>840</width>
		<height>1191</height>
		<depth>3</depth>
	</size>
	<segmented>0</segmented>
	<object>
		<name>table_header</name>
		<pose>Unspecified</pose>
		<truncated>0</truncated>
		<difficult>0</difficult>
		<bndbox>
			<xmin>47</xmin>
			<ymin>397</ymin>
			<xmax>303</xmax>
			<ymax>447</ymax>
		</bndbox>
	</object>
	<object>
		<name>table_column</name>
		<pose>Unspecified</pose>
		<truncated>0</truncated>
		<difficult>0</difficult>
		<bndbox>
			<xmin>50</xmin>
			<ymin>470</ymin>
			<xmax>236</xmax>
			<ymax>507</ymax>
		</bndbox>
	</object>
	<object>
		<name>table_column</name>
		<pose>Unspecified</pose>
		<truncated>0</truncated>
		<difficult>0</difficult>
		<bndbox>
			<xmin>427</xmin>
			<ymin>441</ymin>
			<xmax>547</xmax>
			<ymax>508</ymax>
		</bndbox>
	</object>
	<object>
		<name>table_column</name>
		<pose>Unspecified</pose>
		<truncated>0</truncated>
		<difficult>0</difficult>
		<bndbox>
			<xmin>543</xmin>
			<ymin>437</ymin>
			<xmax>659</xmax>
			<ymax>510</ymax>
		</bndbox>
	</object>
	<object>
		<name>table_column</name>
		<pose>Unspecified</pose>
		<truncated>0</truncated>
		<difficult>0</difficult>
		<bndbox>
			<xmin>667</xmin>
			<ymin>430</ymin>
			<xmax>785</xmax>
			<ymax>512</ymax>
		</bndbox>
	</object>
	<object>
		<name>table_value</name>
		<pose>Unspecified</pose>
		<truncated>0</truncated>
		<difficult>0</difficult>
		<bndbox>
			<xmin>50</xmin>
			<ymin>521</ymin>
			<xmax>309</xmax>
			<ymax>556</ymax>
		</bndbox>
	</object>
	<object>
		<name>table_value</name>
		<pose>Unspecified</pose>
		<truncated>0</truncated>
		<difficult>0</difficult>
		<bndbox>
			<xmin>43</xmin>
			<ymin>574</ymin>
			<xmax>299</xmax>
			<ymax>623</ymax>
		</bndbox>
	</object>
	<object>
		<name>table_value</name>
		<pose>Unspecified</pose>
		<truncated>0</truncated>
		<difficult>0</difficult>
		<bndbox>
			<xmin>41</xmin>
			<ymin>632</ymin>
			<xmax>339</xmax>
			<ymax>665</ymax>
		</bndbox>
	</object>
	<object>
		<name>table_value</name>
		<pose>Unspecified</pose>
		<truncated>0</truncated>
		<difficult>0</difficult>
		<bndbox>
			<xmin>481</xmin>
			<ymin>523</ymin>
			<xmax>563</xmax>
			<ymax>556</ymax>
		</bndbox>
	</object>
	<object>
		<name>table_value</name>
		<pose>Unspecified</pose>
		<truncated>0</truncated>
		<difficult>0</difficult>
		<bndbox>
			<xmin>596</xmin>
			<ymin>523</ymin>
			<xmax>678</xmax>
			<ymax>556</ymax>
		</bndbox>
	</object>
	<object>
		<name>table_value</name>
		<pose>Unspecified</pose>
		<truncated>0</truncated>
		<difficult>0</difficult>
		<bndbox>
			<xmin>698</xmin>
			<ymin>521</ymin>
			<xmax>787</xmax>
			<ymax>556</ymax>
		</bndbox>
	</object>
	<object>
		<name>table_value</name>
		<pose>Unspecified</pose>
		<truncated>0</truncated>
		<difficult>0</difficult>
		<bndbox>
			<xmin>483</xmin>
			<ymin>576</ymin>
			<xmax>567</xmax>
			<ymax>623</ymax>
		</bndbox>
	</object>
	<object>
		<name>table_value</name>
		<pose>Unspecified</pose>
		<truncated>0</truncated>
		<difficult>0</difficult>
		<bndbox>
			<xmin>598</xmin>
			<ymin>576</ymin>
			<xmax>678</xmax>
			<ymax>621</ymax>
		</bndbox>
	</object>
	<object>
		<name>table_value</name>
		<pose>Unspecified</pose>
		<truncated>0</truncated>
		<difficult>0</difficult>
		<bndbox>
			<xmin>699</xmin>
			<ymin>583</ymin>
			<xmax>785</xmax>
			<ymax>627</ymax>
		</bndbox>
	</object>
	<object>
		<name>table_value</name>
		<pose>Unspecified</pose>
		<truncated>0</truncated>
		<difficult>0</difficult>
		<bndbox>
			<xmin>490</xmin>
			<ymin>630</ymin>
			<xmax>572</xmax>
			<ymax>661</ymax>
		</bndbox>
	</object>
	<object>
		<name>table_value</name>
		<pose>Unspecified</pose>
		<truncated>0</truncated>
		<difficult>0</difficult>
		<bndbox>
			<xmin>598</xmin>
			<ymin>627</ymin>
			<xmax>670</xmax>
			<ymax>667</ymax>
		</bndbox>
	</object>
	<object>
		<name>table_value</name>
		<pose>Unspecified</pose>
		<truncated>0</truncated>
		<difficult>0</difficult>
		<bndbox>
			<xmin>712</xmin>
			<ymin>632</ymin>
			<xmax>787</xmax>
			<ymax>668</ymax>
		</bndbox>
	</object>
	<object>
		<name>table_footnote</name>
		<pose>Unspecified</pose>
		<truncated>0</truncated>
		<difficult>0</difficult>
		<bndbox>
			<xmin>27</xmin>
			<ymin>677</ymin>
			<xmax>790</xmax>
			<ymax>767</ymax>
		</bndbox>
	</object>
</annotation>
