<annotation>
	<folder>labeled image</folder>
	<filename>img-13.png</filename>
	<path>/home/samuel/Downloads/labeled image/img-13.png</path>
	<source>
		<database>Unknown</database>
	</source>
	<size>
		<width>840</width>
		<height>1191</height>
		<depth>3</depth>
	</size>
	<segmented>0</segmented>
	<object>
		<name>title</name>
		<pose>Unspecified</pose>
		<truncated>0</truncated>
		<difficult>0</difficult>
		<bndbox>
			<xmin>46</xmin>
			<ymin>45</ymin>
			<xmax>651</xmax>
			<ymax>195</ymax>
		</bndbox>
	</object>
	<object>
		<name>section_header</name>
		<pose>Unspecified</pose>
		<truncated>0</truncated>
		<difficult>0</difficult>
		<bndbox>
			<xmin>54</xmin>
			<ymin>235</ymin>
			<xmax>177</xmax>
			<ymax>276</ymax>
		</bndbox>
	</object>
	<object>
		<name>table_column</name>
		<pose>Unspecified</pose>
		<truncated>0</truncated>
		<difficult>0</difficult>
		<bndbox>
			<xmin>307</xmin>
			<ymin>331</ymin>
			<xmax>364</xmax>
			<ymax>385</ymax>
		</bndbox>
	</object>
	<object>
		<name>table_column</name>
		<pose>Unspecified</pose>
		<truncated>0</truncated>
		<difficult>0</difficult>
		<bndbox>
			<xmin>386</xmin>
			<ymin>280</ymin>
			<xmax>466</xmax>
			<ymax>382</ymax>
		</bndbox>
	</object>
	<object>
		<name>table_column</name>
		<pose>Unspecified</pose>
		<truncated>0</truncated>
		<difficult>0</difficult>
		<bndbox>
			<xmin>489</xmin>
			<ymin>302</ymin>
			<xmax>568</xmax>
			<ymax>385</ymax>
		</bndbox>
	</object>
	<object>
		<name>table_column</name>
		<pose>Unspecified</pose>
		<truncated>0</truncated>
		<difficult>0</difficult>
		<bndbox>
			<xmin>592</xmin>
			<ymin>284</ymin>
			<xmax>663</xmax>
			<ymax>383</ymax>
		</bndbox>
	</object>
	<object>
		<name>table_column</name>
		<pose>Unspecified</pose>
		<truncated>0</truncated>
		<difficult>0</difficult>
		<bndbox>
			<xmin>687</xmin>
			<ymin>288</ymin>
			<xmax>773</xmax>
			<ymax>385</ymax>
		</bndbox>
	</object>
	<object>
		<name>table_value</name>
		<pose>Unspecified</pose>
		<truncated>0</truncated>
		<difficult>0</difficult>
		<bndbox>
			<xmin>72</xmin>
			<ymin>378</ymin>
			<xmax>255</xmax>
			<ymax>425</ymax>
		</bndbox>
	</object>
	<object>
		<name>table_value</name>
		<pose>Unspecified</pose>
		<truncated>0</truncated>
		<difficult>0</difficult>
		<bndbox>
			<xmin>64</xmin>
			<ymin>482</ymin>
			<xmax>267</xmax>
			<ymax>499</ymax>
		</bndbox>
	</object>
	<object>
		<name>table_value</name>
		<pose>Unspecified</pose>
		<truncated>0</truncated>
		<difficult>0</difficult>
		<bndbox>
			<xmin>68</xmin>
			<ymin>460</ymin>
			<xmax>234</xmax>
			<ymax>478</ymax>
		</bndbox>
	</object>
	<object>
		<name>table_value</name>
		<pose>Unspecified</pose>
		<truncated>0</truncated>
		<difficult>0</difficult>
		<bndbox>
			<xmin>65</xmin>
			<ymin>432</ymin>
			<xmax>262</xmax>
			<ymax>456</ymax>
		</bndbox>
	</object>
	<object>
		<name>table_value</name>
		<pose>Unspecified</pose>
		<truncated>0</truncated>
		<difficult>0</difficult>
		<bndbox>
			<xmin>78</xmin>
			<ymin>505</ymin>
			<xmax>194</xmax>
			<ymax>528</ymax>
		</bndbox>
	</object>
	<object>
		<name>table_value</name>
		<pose>Unspecified</pose>
		<truncated>0</truncated>
		<difficult>0</difficult>
		<bndbox>
			<xmin>81</xmin>
			<ymin>530</ymin>
			<xmax>232</xmax>
			<ymax>555</ymax>
		</bndbox>
	</object>
	<object>
		<name>table_value</name>
		<pose>Unspecified</pose>
		<truncated>0</truncated>
		<difficult>0</difficult>
		<bndbox>
			<xmin>78</xmin>
			<ymin>556</ymin>
			<xmax>195</xmax>
			<ymax>582</ymax>
		</bndbox>
	</object>
	<object>
		<name>table_value</name>
		<pose>Unspecified</pose>
		<truncated>0</truncated>
		<difficult>0</difficult>
		<bndbox>
			<xmin>80</xmin>
			<ymin>585</ymin>
			<xmax>229</xmax>
			<ymax>610</ymax>
		</bndbox>
	</object>
	<object>
		<name>table_value</name>
		<pose>Unspecified</pose>
		<truncated>0</truncated>
		<difficult>0</difficult>
		<bndbox>
			<xmin>79</xmin>
			<ymin>606</ymin>
			<xmax>214</xmax>
			<ymax>635</ymax>
		</bndbox>
	</object>
	<object>
		<name>table_value</name>
		<pose>Unspecified</pose>
		<truncated>0</truncated>
		<difficult>0</difficult>
		<bndbox>
			<xmin>79</xmin>
			<ymin>640</ymin>
			<xmax>243</xmax>
			<ymax>661</ymax>
		</bndbox>
	</object>
	<object>
		<name>table_value</name>
		<pose>Unspecified</pose>
		<truncated>0</truncated>
		<difficult>0</difficult>
		<bndbox>
			<xmin>312</xmin>
			<ymin>398</ymin>
			<xmax>367</xmax>
			<ymax>431</ymax>
		</bndbox>
	</object>
	<object>
		<name>table_value</name>
		<pose>Unspecified</pose>
		<truncated>0</truncated>
		<difficult>0</difficult>
		<bndbox>
			<xmin>326</xmin>
			<ymin>502</ymin>
			<xmax>366</xmax>
			<ymax>534</ymax>
		</bndbox>
	</object>
	<object>
		<name>table_value</name>
		<pose>Unspecified</pose>
		<truncated>0</truncated>
		<difficult>0</difficult>
		<bndbox>
			<xmin>328</xmin>
			<ymin>528</ymin>
			<xmax>368</xmax>
			<ymax>559</ymax>
		</bndbox>
	</object>
	<object>
		<name>table_value</name>
		<pose>Unspecified</pose>
		<truncated>0</truncated>
		<difficult>0</difficult>
		<bndbox>
			<xmin>322</xmin>
			<ymin>557</ymin>
			<xmax>366</xmax>
			<ymax>582</ymax>
		</bndbox>
	</object>
	<object>
		<name>table_value</name>
		<pose>Unspecified</pose>
		<truncated>0</truncated>
		<difficult>0</difficult>
		<bndbox>
			<xmin>325</xmin>
			<ymin>582</ymin>
			<xmax>367</xmax>
			<ymax>607</ymax>
		</bndbox>
	</object>
	<object>
		<name>table_value</name>
		<pose>Unspecified</pose>
		<truncated>0</truncated>
		<difficult>0</difficult>
		<bndbox>
			<xmin>328</xmin>
			<ymin>607</ymin>
			<xmax>365</xmax>
			<ymax>632</ymax>
		</bndbox>
	</object>
	<object>
		<name>table_value</name>
		<pose>Unspecified</pose>
		<truncated>0</truncated>
		<difficult>0</difficult>
		<bndbox>
			<xmin>331</xmin>
			<ymin>634</ymin>
			<xmax>369</xmax>
			<ymax>659</ymax>
		</bndbox>
	</object>
	<object>
		<name>table_value</name>
		<pose>Unspecified</pose>
		<truncated>0</truncated>
		<difficult>0</difficult>
		<bndbox>
			<xmin>310</xmin>
			<ymin>659</ymin>
			<xmax>365</xmax>
			<ymax>685</ymax>
		</bndbox>
	</object>
	<object>
		<name>table_value</name>
		<pose>Unspecified</pose>
		<truncated>0</truncated>
		<difficult>0</difficult>
		<bndbox>
			<xmin>317</xmin>
			<ymin>431</ymin>
			<xmax>370</xmax>
			<ymax>456</ymax>
		</bndbox>
	</object>
	<object>
		<name>table_value</name>
		<pose>Unspecified</pose>
		<truncated>0</truncated>
		<difficult>0</difficult>
		<bndbox>
			<xmin>326</xmin>
			<ymin>456</ymin>
			<xmax>370</xmax>
			<ymax>485</ymax>
		</bndbox>
	</object>
	<object>
		<name>table_value</name>
		<pose>Unspecified</pose>
		<truncated>0</truncated>
		<difficult>0</difficult>
		<bndbox>
			<xmin>324</xmin>
			<ymin>482</ymin>
			<xmax>368</xmax>
			<ymax>505</ymax>
		</bndbox>
	</object>
	<object>
		<name>table_value</name>
		<pose>Unspecified</pose>
		<truncated>0</truncated>
		<difficult>0</difficult>
		<bndbox>
			<xmin>416</xmin>
			<ymin>407</ymin>
			<xmax>469</xmax>
			<ymax>432</ymax>
		</bndbox>
	</object>
	<object>
		<name>table_value</name>
		<pose>Unspecified</pose>
		<truncated>0</truncated>
		<difficult>0</difficult>
		<bndbox>
			<xmin>416</xmin>
			<ymin>455</ymin>
			<xmax>469</xmax>
			<ymax>480</ymax>
		</bndbox>
	</object>
	<object>
		<name>table_value</name>
		<pose>Unspecified</pose>
		<truncated>0</truncated>
		<difficult>0</difficult>
		<bndbox>
			<xmin>416</xmin>
			<ymin>426</ymin>
			<xmax>469</xmax>
			<ymax>452</ymax>
		</bndbox>
	</object>
	<object>
		<name>table_value</name>
		<pose>Unspecified</pose>
		<truncated>0</truncated>
		<difficult>0</difficult>
		<bndbox>
			<xmin>515</xmin>
			<ymin>429</ymin>
			<xmax>568</xmax>
			<ymax>455</ymax>
		</bndbox>
	</object>
	<object>
		<name>table_value</name>
		<pose>Unspecified</pose>
		<truncated>0</truncated>
		<difficult>0</difficult>
		<bndbox>
			<xmin>609</xmin>
			<ymin>429</ymin>
			<xmax>662</xmax>
			<ymax>455</ymax>
		</bndbox>
	</object>
	<object>
		<name>table_value</name>
		<pose>Unspecified</pose>
		<truncated>0</truncated>
		<difficult>0</difficult>
		<bndbox>
			<xmin>712</xmin>
			<ymin>426</ymin>
			<xmax>765</xmax>
			<ymax>452</ymax>
		</bndbox>
	</object>
	<object>
		<name>table_value</name>
		<pose>Unspecified</pose>
		<truncated>0</truncated>
		<difficult>0</difficult>
		<bndbox>
			<xmin>712</xmin>
			<ymin>401</ymin>
			<xmax>769</xmax>
			<ymax>432</ymax>
		</bndbox>
	</object>
	<object>
		<name>table_value</name>
		<pose>Unspecified</pose>
		<truncated>0</truncated>
		<difficult>0</difficult>
		<bndbox>
			<xmin>616</xmin>
			<ymin>399</ymin>
			<xmax>664</xmax>
			<ymax>431</ymax>
		</bndbox>
	</object>
	<object>
		<name>table_value</name>
		<pose>Unspecified</pose>
		<truncated>0</truncated>
		<difficult>0</difficult>
		<bndbox>
			<xmin>509</xmin>
			<ymin>404</ymin>
			<xmax>565</xmax>
			<ymax>432</ymax>
		</bndbox>
	</object>
	<object>
		<name>table_value</name>
		<pose>Unspecified</pose>
		<truncated>0</truncated>
		<difficult>0</difficult>
		<bndbox>
			<xmin>710</xmin>
			<ymin>662</ymin>
			<xmax>763</xmax>
			<ymax>688</ymax>
		</bndbox>
	</object>
	<object>
		<name>table_value</name>
		<pose>Unspecified</pose>
		<truncated>0</truncated>
		<difficult>0</difficult>
		<bndbox>
			<xmin>715</xmin>
			<ymin>637</ymin>
			<xmax>767</xmax>
			<ymax>662</ymax>
		</bndbox>
	</object>
	<object>
		<name>table_value</name>
		<pose>Unspecified</pose>
		<truncated>0</truncated>
		<difficult>0</difficult>
		<bndbox>
			<xmin>716</xmin>
			<ymin>607</ymin>
			<xmax>769</xmax>
			<ymax>632</ymax>
		</bndbox>
	</object>
	<object>
		<name>table_value</name>
		<pose>Unspecified</pose>
		<truncated>0</truncated>
		<difficult>0</difficult>
		<bndbox>
			<xmin>710</xmin>
			<ymin>583</ymin>
			<xmax>763</xmax>
			<ymax>609</ymax>
		</bndbox>
	</object>
	<object>
		<name>table_value</name>
		<pose>Unspecified</pose>
		<truncated>0</truncated>
		<difficult>0</difficult>
		<bndbox>
			<xmin>721</xmin>
			<ymin>561</ymin>
			<xmax>769</xmax>
			<ymax>583</ymax>
		</bndbox>
	</object>
	<object>
		<name>table_value</name>
		<pose>Unspecified</pose>
		<truncated>0</truncated>
		<difficult>0</difficult>
		<bndbox>
			<xmin>719</xmin>
			<ymin>533</ymin>
			<xmax>766</xmax>
			<ymax>559</ymax>
		</bndbox>
	</object>
	<object>
		<name>table_value</name>
		<pose>Unspecified</pose>
		<truncated>0</truncated>
		<difficult>0</difficult>
		<bndbox>
			<xmin>714</xmin>
			<ymin>505</ymin>
			<xmax>767</xmax>
			<ymax>531</ymax>
		</bndbox>
	</object>
	<object>
		<name>table_value</name>
		<pose>Unspecified</pose>
		<truncated>0</truncated>
		<difficult>0</difficult>
		<bndbox>
			<xmin>714</xmin>
			<ymin>480</ymin>
			<xmax>767</xmax>
			<ymax>506</ymax>
		</bndbox>
	</object>
	<object>
		<name>table_value</name>
		<pose>Unspecified</pose>
		<truncated>0</truncated>
		<difficult>0</difficult>
		<bndbox>
			<xmin>710</xmin>
			<ymin>456</ymin>
			<xmax>763</xmax>
			<ymax>482</ymax>
		</bndbox>
	</object>
	<object>
		<name>table_value</name>
		<pose>Unspecified</pose>
		<truncated>0</truncated>
		<difficult>0</difficult>
		<bndbox>
			<xmin>613</xmin>
			<ymin>455</ymin>
			<xmax>666</xmax>
			<ymax>480</ymax>
		</bndbox>
	</object>
	<object>
		<name>table_value</name>
		<pose>Unspecified</pose>
		<truncated>0</truncated>
		<difficult>0</difficult>
		<bndbox>
			<xmin>615</xmin>
			<ymin>484</ymin>
			<xmax>665</xmax>
			<ymax>505</ymax>
		</bndbox>
	</object>
	<object>
		<name>table_value</name>
		<pose>Unspecified</pose>
		<truncated>0</truncated>
		<difficult>0</difficult>
		<bndbox>
			<xmin>613</xmin>
			<ymin>509</ymin>
			<xmax>666</xmax>
			<ymax>534</ymax>
		</bndbox>
	</object>
	<object>
		<name>table_value</name>
		<pose>Unspecified</pose>
		<truncated>0</truncated>
		<difficult>0</difficult>
		<bndbox>
			<xmin>614</xmin>
			<ymin>531</ymin>
			<xmax>666</xmax>
			<ymax>556</ymax>
		</bndbox>
	</object>
	<object>
		<name>table_value</name>
		<pose>Unspecified</pose>
		<truncated>0</truncated>
		<difficult>0</difficult>
		<bndbox>
			<xmin>614</xmin>
			<ymin>559</ymin>
			<xmax>667</xmax>
			<ymax>585</ymax>
		</bndbox>
	</object>
	<object>
		<name>table_value</name>
		<pose>Unspecified</pose>
		<truncated>0</truncated>
		<difficult>0</difficult>
		<bndbox>
			<xmin>613</xmin>
			<ymin>585</ymin>
			<xmax>666</xmax>
			<ymax>610</ymax>
		</bndbox>
	</object>
	<object>
		<name>table_value</name>
		<pose>Unspecified</pose>
		<truncated>0</truncated>
		<difficult>0</difficult>
		<bndbox>
			<xmin>611</xmin>
			<ymin>610</ymin>
			<xmax>664</xmax>
			<ymax>635</ymax>
		</bndbox>
	</object>
	<object>
		<name>table_value</name>
		<pose>Unspecified</pose>
		<truncated>0</truncated>
		<difficult>0</difficult>
		<bndbox>
			<xmin>612</xmin>
			<ymin>635</ymin>
			<xmax>664</xmax>
			<ymax>661</ymax>
		</bndbox>
	</object>
	<object>
		<name>table_value</name>
		<pose>Unspecified</pose>
		<truncated>0</truncated>
		<difficult>0</difficult>
		<bndbox>
			<xmin>611</xmin>
			<ymin>659</ymin>
			<xmax>664</xmax>
			<ymax>685</ymax>
		</bndbox>
	</object>
	<object>
		<name>table_value</name>
		<pose>Unspecified</pose>
		<truncated>0</truncated>
		<difficult>0</difficult>
		<bndbox>
			<xmin>507</xmin>
			<ymin>662</ymin>
			<xmax>559</xmax>
			<ymax>688</ymax>
		</bndbox>
	</object>
	<object>
		<name>table_value</name>
		<pose>Unspecified</pose>
		<truncated>0</truncated>
		<difficult>0</difficult>
		<bndbox>
			<xmin>513</xmin>
			<ymin>637</ymin>
			<xmax>565</xmax>
			<ymax>663</ymax>
		</bndbox>
	</object>
	<object>
		<name>table_value</name>
		<pose>Unspecified</pose>
		<truncated>0</truncated>
		<difficult>0</difficult>
		<bndbox>
			<xmin>515</xmin>
			<ymin>608</ymin>
			<xmax>568</xmax>
			<ymax>634</ymax>
		</bndbox>
	</object>
	<object>
		<name>table_value</name>
		<pose>Unspecified</pose>
		<truncated>0</truncated>
		<difficult>0</difficult>
		<bndbox>
			<xmin>513</xmin>
			<ymin>582</ymin>
			<xmax>566</xmax>
			<ymax>607</ymax>
		</bndbox>
	</object>
	<object>
		<name>table_value</name>
		<pose>Unspecified</pose>
		<truncated>0</truncated>
		<difficult>0</difficult>
		<bndbox>
			<xmin>515</xmin>
			<ymin>558</ymin>
			<xmax>568</xmax>
			<ymax>583</ymax>
		</bndbox>
	</object>
	<object>
		<name>table_value</name>
		<pose>Unspecified</pose>
		<truncated>0</truncated>
		<difficult>0</difficult>
		<bndbox>
			<xmin>513</xmin>
			<ymin>532</ymin>
			<xmax>565</xmax>
			<ymax>558</ymax>
		</bndbox>
	</object>
	<object>
		<name>table_value</name>
		<pose>Unspecified</pose>
		<truncated>0</truncated>
		<difficult>0</difficult>
		<bndbox>
			<xmin>515</xmin>
			<ymin>509</ymin>
			<xmax>568</xmax>
			<ymax>534</ymax>
		</bndbox>
	</object>
	<object>
		<name>table_value</name>
		<pose>Unspecified</pose>
		<truncated>0</truncated>
		<difficult>0</difficult>
		<bndbox>
			<xmin>513</xmin>
			<ymin>483</ymin>
			<xmax>566</xmax>
			<ymax>509</ymax>
		</bndbox>
	</object>
	<object>
		<name>table_value</name>
		<pose>Unspecified</pose>
		<truncated>0</truncated>
		<difficult>0</difficult>
		<bndbox>
			<xmin>513</xmin>
			<ymin>453</ymin>
			<xmax>565</xmax>
			<ymax>479</ymax>
		</bndbox>
	</object>
	<object>
		<name>table_value</name>
		<pose>Unspecified</pose>
		<truncated>0</truncated>
		<difficult>0</difficult>
		<bndbox>
			<xmin>409</xmin>
			<ymin>660</ymin>
			<xmax>472</xmax>
			<ymax>685</ymax>
		</bndbox>
	</object>
	<object>
		<name>table_value</name>
		<pose>Unspecified</pose>
		<truncated>0</truncated>
		<difficult>0</difficult>
		<bndbox>
			<xmin>420</xmin>
			<ymin>632</ymin>
			<xmax>473</xmax>
			<ymax>658</ymax>
		</bndbox>
	</object>
	<object>
		<name>table_value</name>
		<pose>Unspecified</pose>
		<truncated>0</truncated>
		<difficult>0</difficult>
		<bndbox>
			<xmin>418</xmin>
			<ymin>607</ymin>
			<xmax>471</xmax>
			<ymax>632</ymax>
		</bndbox>
	</object>
	<object>
		<name>table_value</name>
		<pose>Unspecified</pose>
		<truncated>0</truncated>
		<difficult>0</difficult>
		<bndbox>
			<xmin>420</xmin>
			<ymin>582</ymin>
			<xmax>473</xmax>
			<ymax>607</ymax>
		</bndbox>
	</object>
	<object>
		<name>table_value</name>
		<pose>Unspecified</pose>
		<truncated>0</truncated>
		<difficult>0</difficult>
		<bndbox>
			<xmin>416</xmin>
			<ymin>559</ymin>
			<xmax>469</xmax>
			<ymax>585</ymax>
		</bndbox>
	</object>
	<object>
		<name>table_value</name>
		<pose>Unspecified</pose>
		<truncated>0</truncated>
		<difficult>0</difficult>
		<bndbox>
			<xmin>414</xmin>
			<ymin>535</ymin>
			<xmax>467</xmax>
			<ymax>561</ymax>
		</bndbox>
	</object>
	<object>
		<name>table_value</name>
		<pose>Unspecified</pose>
		<truncated>0</truncated>
		<difficult>0</difficult>
		<bndbox>
			<xmin>416</xmin>
			<ymin>507</ymin>
			<xmax>469</xmax>
			<ymax>532</ymax>
		</bndbox>
	</object>
	<object>
		<name>table_value</name>
		<pose>Unspecified</pose>
		<truncated>0</truncated>
		<difficult>0</difficult>
		<bndbox>
			<xmin>416</xmin>
			<ymin>482</ymin>
			<xmax>469</xmax>
			<ymax>507</ymax>
		</bndbox>
	</object>
	<object>
		<name>foot_note</name>
		<pose>Unspecified</pose>
		<truncated>0</truncated>
		<difficult>0</difficult>
		<bndbox>
			<xmin>61</xmin>
			<ymin>703</ymin>
			<xmax>359</xmax>
			<ymax>735</ymax>
		</bndbox>
	</object>
	<object>
		<name>foot_note</name>
		<pose>Unspecified</pose>
		<truncated>0</truncated>
		<difficult>0</difficult>
		<bndbox>
			<xmin>64</xmin>
			<ymin>742</ymin>
			<xmax>753</xmax>
			<ymax>813</ymax>
		</bndbox>
	</object>
</annotation>
