<annotation>
	<folder>Downloads</folder>
	<filename>img-1.png</filename>
	<path>/home/samuel/Downloads/img-1.png</path>
	<source>
		<database>Unknown</database>
	</source>
	<size>
		<width>840</width>
		<height>1191</height>
		<depth>3</depth>
	</size>
	<segmented>0</segmented>
	<object>
		<name>header</name>
		<pose>Unspecified</pose>
		<truncated>0</truncated>
		<difficult>0</difficult>
		<bndbox>
			<xmin>62</xmin>
			<ymin>45</ymin>
			<xmax>498</xmax>
			<ymax>108</ymax>
		</bndbox>
	</object>
	<object>
		<name>section_header</name>
		<pose>Unspecified</pose>
		<truncated>0</truncated>
		<difficult>0</difficult>
		<bndbox>
			<xmin>64</xmin>
			<ymin>390</ymin>
			<xmax>423</xmax>
			<ymax>433</ymax>
		</bndbox>
	</object>
	<object>
		<name>text</name>
		<pose>Unspecified</pose>
		<truncated>0</truncated>
		<difficult>0</difficult>
		<bndbox>
			<xmin>56</xmin>
			<ymin>437</ymin>
			<xmax>760</xmax>
			<ymax>539</ymax>
		</bndbox>
	</object>
	<object>
		<name>bullet_point</name>
		<pose>Unspecified</pose>
		<truncated>0</truncated>
		<difficult>0</difficult>
		<bndbox>
			<xmin>54</xmin>
			<ymin>553</ymin>
			<xmax>766</xmax>
			<ymax>669</ymax>
		</bndbox>
	</object>
	<object>
		<name>bullet_point</name>
		<pose>Unspecified</pose>
		<truncated>0</truncated>
		<difficult>0</difficult>
		<bndbox>
			<xmin>54</xmin>
			<ymin>680</ymin>
			<xmax>741</xmax>
			<ymax>790</ymax>
		</bndbox>
	</object>
	<object>
		<name>text</name>
		<pose>Unspecified</pose>
		<truncated>0</truncated>
		<difficult>0</difficult>
		<bndbox>
			<xmin>52</xmin>
			<ymin>804</ymin>
			<xmax>776</xmax>
			<ymax>878</ymax>
		</bndbox>
	</object>
</annotation>
