<annotation>
	<folder>labeled image</folder>
	<filename>img-15.png</filename>
	<path>/home/samuel/Downloads/labeled image/img-15.png</path>
	<source>
		<database>Unknown</database>
	</source>
	<size>
		<width>840</width>
		<height>1191</height>
		<depth>3</depth>
	</size>
	<segmented>0</segmented>
	<object>
		<name>header</name>
		<pose>Unspecified</pose>
		<truncated>0</truncated>
		<difficult>0</difficult>
		<bndbox>
			<xmin>51</xmin>
			<ymin>36</ymin>
			<xmax>642</xmax>
			<ymax>191</ymax>
		</bndbox>
	</object>
	<object>
		<name>text_order</name>
		<pose>Unspecified</pose>
		<truncated>0</truncated>
		<difficult>0</difficult>
		<bndbox>
			<xmin>58</xmin>
			<ymin>232</ymin>
			<xmax>100</xmax>
			<ymax>295</ymax>
		</bndbox>
	</object>
	<object>
		<name>section_header</name>
		<pose>Unspecified</pose>
		<truncated>0</truncated>
		<difficult>0</difficult>
		<bndbox>
			<xmin>100</xmin>
			<ymin>229</ymin>
			<xmax>205</xmax>
			<ymax>285</ymax>
		</bndbox>
	</object>
	<object>
		<name>table_column</name>
		<pose>Unspecified</pose>
		<truncated>0</truncated>
		<difficult>0</difficult>
		<bndbox>
			<xmin>327</xmin>
			<ymin>308</ymin>
			<xmax>441</xmax>
			<ymax>352</ymax>
		</bndbox>
	</object>
	<object>
		<name>table_column</name>
		<pose>Unspecified</pose>
		<truncated>0</truncated>
		<difficult>0</difficult>
		<bndbox>
			<xmin>526</xmin>
			<ymin>301</ymin>
			<xmax>644</xmax>
			<ymax>353</ymax>
		</bndbox>
	</object>
	<object>
		<name>table_column</name>
		<pose>Unspecified</pose>
		<truncated>0</truncated>
		<difficult>0</difficult>
		<bndbox>
			<xmin>698</xmin>
			<ymin>267</ymin>
			<xmax>763</xmax>
			<ymax>356</ymax>
		</bndbox>
	</object>
	<object>
		<name>table_column</name>
		<pose>Unspecified</pose>
		<truncated>0</truncated>
		<difficult>0</difficult>
		<bndbox>
			<xmin>236</xmin>
			<ymin>357</ymin>
			<xmax>284</xmax>
			<ymax>397</ymax>
		</bndbox>
	</object>
	<object>
		<name>table_column</name>
		<pose>Unspecified</pose>
		<truncated>0</truncated>
		<difficult>0</difficult>
		<bndbox>
			<xmin>280</xmin>
			<ymin>352</ymin>
			<xmax>349</xmax>
			<ymax>396</ymax>
		</bndbox>
	</object>
	<object>
		<name>table_column</name>
		<pose>Unspecified</pose>
		<truncated>0</truncated>
		<difficult>0</difficult>
		<bndbox>
			<xmin>354</xmin>
			<ymin>353</ymin>
			<xmax>417</xmax>
			<ymax>396</ymax>
		</bndbox>
	</object>
	<object>
		<name>table_column</name>
		<pose>Unspecified</pose>
		<truncated>0</truncated>
		<difficult>0</difficult>
		<bndbox>
			<xmin>422</xmin>
			<ymin>352</ymin>
			<xmax>489</xmax>
			<ymax>398</ymax>
		</bndbox>
	</object>
	<object>
		<name>table_column</name>
		<pose>Unspecified</pose>
		<truncated>0</truncated>
		<difficult>0</difficult>
		<bndbox>
			<xmin>489</xmin>
			<ymin>355</ymin>
			<xmax>556</xmax>
			<ymax>396</ymax>
		</bndbox>
	</object>
	<object>
		<name>table_column</name>
		<pose>Unspecified</pose>
		<truncated>0</truncated>
		<difficult>0</difficult>
		<bndbox>
			<xmin>553</xmin>
			<ymin>352</ymin>
			<xmax>622</xmax>
			<ymax>400</ymax>
		</bndbox>
	</object>
	<object>
		<name>table_column</name>
		<pose>Unspecified</pose>
		<truncated>0</truncated>
		<difficult>0</difficult>
		<bndbox>
			<xmin>628</xmin>
			<ymin>346</ymin>
			<xmax>694</xmax>
			<ymax>398</ymax>
		</bndbox>
	</object>
	<object>
		<name>table_column</name>
		<pose>Unspecified</pose>
		<truncated>0</truncated>
		<difficult>0</difficult>
		<bndbox>
			<xmin>699</xmin>
			<ymin>352</ymin>
			<xmax>770</xmax>
			<ymax>398</ymax>
		</bndbox>
	</object>
	<object>
		<name>table_value</name>
		<pose>Unspecified</pose>
		<truncated>0</truncated>
		<difficult>0</difficult>
		<bndbox>
			<xmin>98</xmin>
			<ymin>402</ymin>
			<xmax>186</xmax>
			<ymax>426</ymax>
		</bndbox>
	</object>
	<object>
		<name>table_value</name>
		<pose>Unspecified</pose>
		<truncated>0</truncated>
		<difficult>0</difficult>
		<bndbox>
			<xmin>102</xmin>
			<ymin>426</ymin>
			<xmax>228</xmax>
			<ymax>452</ymax>
		</bndbox>
	</object>
	<object>
		<name>table_value</name>
		<pose>Unspecified</pose>
		<truncated>0</truncated>
		<difficult>0</difficult>
		<bndbox>
			<xmin>107</xmin>
			<ymin>452</ymin>
			<xmax>216</xmax>
			<ymax>476</ymax>
		</bndbox>
	</object>
	<object>
		<name>table_value</name>
		<pose>Unspecified</pose>
		<truncated>0</truncated>
		<difficult>0</difficult>
		<bndbox>
			<xmin>106</xmin>
			<ymin>477</ymin>
			<xmax>192</xmax>
			<ymax>504</ymax>
		</bndbox>
	</object>
	<object>
		<name>table_value</name>
		<pose>Unspecified</pose>
		<truncated>0</truncated>
		<difficult>0</difficult>
		<bndbox>
			<xmin>250</xmin>
			<ymin>400</ymin>
			<xmax>282</xmax>
			<ymax>425</ymax>
		</bndbox>
	</object>
	<object>
		<name>table_value</name>
		<pose>Unspecified</pose>
		<truncated>0</truncated>
		<difficult>0</difficult>
		<bndbox>
			<xmin>250</xmin>
			<ymin>425</ymin>
			<xmax>282</xmax>
			<ymax>451</ymax>
		</bndbox>
	</object>
	<object>
		<name>table_value</name>
		<pose>Unspecified</pose>
		<truncated>0</truncated>
		<difficult>0</difficult>
		<bndbox>
			<xmin>254</xmin>
			<ymin>447</ymin>
			<xmax>279</xmax>
			<ymax>475</ymax>
		</bndbox>
	</object>
	<object>
		<name>table_value</name>
		<pose>Unspecified</pose>
		<truncated>0</truncated>
		<difficult>0</difficult>
		<bndbox>
			<xmin>246</xmin>
			<ymin>474</ymin>
			<xmax>282</xmax>
			<ymax>502</ymax>
		</bndbox>
	</object>
	<object>
		<name>table_value</name>
		<pose>Unspecified</pose>
		<truncated>0</truncated>
		<difficult>0</difficult>
		<bndbox>
			<xmin>322</xmin>
			<ymin>400</ymin>
			<xmax>353</xmax>
			<ymax>425</ymax>
		</bndbox>
	</object>
	<object>
		<name>table_value</name>
		<pose>Unspecified</pose>
		<truncated>0</truncated>
		<difficult>0</difficult>
		<bndbox>
			<xmin>322</xmin>
			<ymin>424</ymin>
			<xmax>353</xmax>
			<ymax>449</ymax>
		</bndbox>
	</object>
	<object>
		<name>table_value</name>
		<pose>Unspecified</pose>
		<truncated>0</truncated>
		<difficult>0</difficult>
		<bndbox>
			<xmin>320</xmin>
			<ymin>449</ymin>
			<xmax>352</xmax>
			<ymax>474</ymax>
		</bndbox>
	</object>
	<object>
		<name>table_value</name>
		<pose>Unspecified</pose>
		<truncated>0</truncated>
		<difficult>0</difficult>
		<bndbox>
			<xmin>321</xmin>
			<ymin>478</ymin>
			<xmax>351</xmax>
			<ymax>499</ymax>
		</bndbox>
	</object>
	<object>
		<name>table_value</name>
		<pose>Unspecified</pose>
		<truncated>0</truncated>
		<difficult>0</difficult>
		<bndbox>
			<xmin>376</xmin>
			<ymin>400</ymin>
			<xmax>416</xmax>
			<ymax>424</ymax>
		</bndbox>
	</object>
	<object>
		<name>table_value</name>
		<pose>Unspecified</pose>
		<truncated>0</truncated>
		<difficult>0</difficult>
		<bndbox>
			<xmin>379</xmin>
			<ymin>424</ymin>
			<xmax>418</xmax>
			<ymax>448</ymax>
		</bndbox>
	</object>
	<object>
		<name>table_value</name>
		<pose>Unspecified</pose>
		<truncated>0</truncated>
		<difficult>0</difficult>
		<bndbox>
			<xmin>376</xmin>
			<ymin>449</ymin>
			<xmax>416</xmax>
			<ymax>473</ymax>
		</bndbox>
	</object>
	<object>
		<name>table_value</name>
		<pose>Unspecified</pose>
		<truncated>0</truncated>
		<difficult>0</difficult>
		<bndbox>
			<xmin>379</xmin>
			<ymin>474</ymin>
			<xmax>419</xmax>
			<ymax>498</ymax>
		</bndbox>
	</object>
	<object>
		<name>table_value</name>
		<pose>Unspecified</pose>
		<truncated>0</truncated>
		<difficult>0</difficult>
		<bndbox>
			<xmin>448</xmin>
			<ymin>398</ymin>
			<xmax>488</xmax>
			<ymax>422</ymax>
		</bndbox>
	</object>
	<object>
		<name>table_value</name>
		<pose>Unspecified</pose>
		<truncated>0</truncated>
		<difficult>0</difficult>
		<bndbox>
			<xmin>446</xmin>
			<ymin>425</ymin>
			<xmax>486</xmax>
			<ymax>449</ymax>
		</bndbox>
	</object>
	<object>
		<name>table_value</name>
		<pose>Unspecified</pose>
		<truncated>0</truncated>
		<difficult>0</difficult>
		<bndbox>
			<xmin>446</xmin>
			<ymin>449</ymin>
			<xmax>486</xmax>
			<ymax>473</ymax>
		</bndbox>
	</object>
	<object>
		<name>table_value</name>
		<pose>Unspecified</pose>
		<truncated>0</truncated>
		<difficult>0</difficult>
		<bndbox>
			<xmin>448</xmin>
			<ymin>474</ymin>
			<xmax>488</xmax>
			<ymax>498</ymax>
		</bndbox>
	</object>
	<object>
		<name>table_value</name>
		<pose>Unspecified</pose>
		<truncated>0</truncated>
		<difficult>0</difficult>
		<bndbox>
			<xmin>518</xmin>
			<ymin>399</ymin>
			<xmax>556</xmax>
			<ymax>425</ymax>
		</bndbox>
	</object>
	<object>
		<name>table_value</name>
		<pose>Unspecified</pose>
		<truncated>0</truncated>
		<difficult>0</difficult>
		<bndbox>
			<xmin>518</xmin>
			<ymin>425</ymin>
			<xmax>556</xmax>
			<ymax>450</ymax>
		</bndbox>
	</object>
	<object>
		<name>table_value</name>
		<pose>Unspecified</pose>
		<truncated>0</truncated>
		<difficult>0</difficult>
		<bndbox>
			<xmin>520</xmin>
			<ymin>448</ymin>
			<xmax>558</xmax>
			<ymax>474</ymax>
		</bndbox>
	</object>
	<object>
		<name>table_value</name>
		<pose>Unspecified</pose>
		<truncated>0</truncated>
		<difficult>0</difficult>
		<bndbox>
			<xmin>518</xmin>
			<ymin>475</ymin>
			<xmax>556</xmax>
			<ymax>501</ymax>
		</bndbox>
	</object>
	<object>
		<name>table_value</name>
		<pose>Unspecified</pose>
		<truncated>0</truncated>
		<difficult>0</difficult>
		<bndbox>
			<xmin>583</xmin>
			<ymin>398</ymin>
			<xmax>621</xmax>
			<ymax>423</ymax>
		</bndbox>
	</object>
	<object>
		<name>table_value</name>
		<pose>Unspecified</pose>
		<truncated>0</truncated>
		<difficult>0</difficult>
		<bndbox>
			<xmin>591</xmin>
			<ymin>425</ymin>
			<xmax>622</xmax>
			<ymax>448</ymax>
		</bndbox>
	</object>
	<object>
		<name>table_value</name>
		<pose>Unspecified</pose>
		<truncated>0</truncated>
		<difficult>0</difficult>
		<bndbox>
			<xmin>584</xmin>
			<ymin>450</ymin>
			<xmax>625</xmax>
			<ymax>473</ymax>
		</bndbox>
	</object>
	<object>
		<name>table_value</name>
		<pose>Unspecified</pose>
		<truncated>0</truncated>
		<difficult>0</difficult>
		<bndbox>
			<xmin>584</xmin>
			<ymin>478</ymin>
			<xmax>624</xmax>
			<ymax>504</ymax>
		</bndbox>
	</object>
	<object>
		<name>table_value</name>
		<pose>Unspecified</pose>
		<truncated>0</truncated>
		<difficult>0</difficult>
		<bndbox>
			<xmin>656</xmin>
			<ymin>400</ymin>
			<xmax>692</xmax>
			<ymax>425</ymax>
		</bndbox>
	</object>
	<object>
		<name>table_value</name>
		<pose>Unspecified</pose>
		<truncated>0</truncated>
		<difficult>0</difficult>
		<bndbox>
			<xmin>654</xmin>
			<ymin>426</ymin>
			<xmax>690</xmax>
			<ymax>450</ymax>
		</bndbox>
	</object>
	<object>
		<name>table_value</name>
		<pose>Unspecified</pose>
		<truncated>0</truncated>
		<difficult>0</difficult>
		<bndbox>
			<xmin>650</xmin>
			<ymin>447</ymin>
			<xmax>689</xmax>
			<ymax>472</ymax>
		</bndbox>
	</object>
	<object>
		<name>table_value</name>
		<pose>Unspecified</pose>
		<truncated>0</truncated>
		<difficult>0</difficult>
		<bndbox>
			<xmin>650</xmin>
			<ymin>475</ymin>
			<xmax>688</xmax>
			<ymax>501</ymax>
		</bndbox>
	</object>
	<object>
		<name>table_value</name>
		<pose>Unspecified</pose>
		<truncated>0</truncated>
		<difficult>0</difficult>
		<bndbox>
			<xmin>723</xmin>
			<ymin>397</ymin>
			<xmax>759</xmax>
			<ymax>422</ymax>
		</bndbox>
	</object>
	<object>
		<name>table_value</name>
		<pose>Unspecified</pose>
		<truncated>0</truncated>
		<difficult>0</difficult>
		<bndbox>
			<xmin>725</xmin>
			<ymin>425</ymin>
			<xmax>761</xmax>
			<ymax>451</ymax>
		</bndbox>
	</object>
	<object>
		<name>table_value</name>
		<pose>Unspecified</pose>
		<truncated>0</truncated>
		<difficult>0</difficult>
		<bndbox>
			<xmin>718</xmin>
			<ymin>450</ymin>
			<xmax>764</xmax>
			<ymax>474</ymax>
		</bndbox>
	</object>
	<object>
		<name>table_value</name>
		<pose>Unspecified</pose>
		<truncated>0</truncated>
		<difficult>0</difficult>
		<bndbox>
			<xmin>712</xmin>
			<ymin>474</ymin>
			<xmax>758</xmax>
			<ymax>500</ymax>
		</bndbox>
	</object>
	<object>
		<name>text_order</name>
		<pose>Unspecified</pose>
		<truncated>0</truncated>
		<difficult>0</difficult>
		<bndbox>
			<xmin>54</xmin>
			<ymin>518</ymin>
			<xmax>96</xmax>
			<ymax>556</ymax>
		</bndbox>
	</object>
	<object>
		<name>section_header</name>
		<pose>Unspecified</pose>
		<truncated>0</truncated>
		<difficult>0</difficult>
		<bndbox>
			<xmin>98</xmin>
			<ymin>520</ymin>
			<xmax>195</xmax>
			<ymax>558</ymax>
		</bndbox>
	</object>
	<object>
		<name>table_column</name>
		<pose>Unspecified</pose>
		<truncated>0</truncated>
		<difficult>0</difficult>
		<bndbox>
			<xmin>243</xmin>
			<ymin>538</ymin>
			<xmax>322</xmax>
			<ymax>633</ymax>
		</bndbox>
	</object>
	<object>
		<name>table_column</name>
		<pose>Unspecified</pose>
		<truncated>0</truncated>
		<difficult>0</difficult>
		<bndbox>
			<xmin>400</xmin>
			<ymin>541</ymin>
			<xmax>469</xmax>
			<ymax>628</ymax>
		</bndbox>
	</object>
	<object>
		<name>table_column</name>
		<pose>Unspecified</pose>
		<truncated>0</truncated>
		<difficult>0</difficult>
		<bndbox>
			<xmin>473</xmin>
			<ymin>556</ymin>
			<xmax>534</xmax>
			<ymax>632</ymax>
		</bndbox>
	</object>
	<object>
		<name>table_column</name>
		<pose>Unspecified</pose>
		<truncated>0</truncated>
		<difficult>0</difficult>
		<bndbox>
			<xmin>556</xmin>
			<ymin>546</ymin>
			<xmax>619</xmax>
			<ymax>631</ymax>
		</bndbox>
	</object>
	<object>
		<name>table_column</name>
		<pose>Unspecified</pose>
		<truncated>0</truncated>
		<difficult>0</difficult>
		<bndbox>
			<xmin>606</xmin>
			<ymin>564</ymin>
			<xmax>690</xmax>
			<ymax>635</ymax>
		</bndbox>
	</object>
	<object>
		<name>table_column</name>
		<pose>Unspecified</pose>
		<truncated>0</truncated>
		<difficult>0</difficult>
		<bndbox>
			<xmin>691</xmin>
			<ymin>558</ymin>
			<xmax>770</xmax>
			<ymax>629</ymax>
		</bndbox>
	</object>
	<object>
		<name>table_column</name>
		<pose>Unspecified</pose>
		<truncated>0</truncated>
		<difficult>0</difficult>
		<bndbox>
			<xmin>324</xmin>
			<ymin>544</ymin>
			<xmax>393</xmax>
			<ymax>631</ymax>
		</bndbox>
	</object>
	<object>
		<name>table_value</name>
		<pose>Unspecified</pose>
		<truncated>0</truncated>
		<difficult>0</difficult>
		<bndbox>
			<xmin>98</xmin>
			<ymin>632</ymin>
			<xmax>216</xmax>
			<ymax>653</ymax>
		</bndbox>
	</object>
	<object>
		<name>table_value</name>
		<pose>Unspecified</pose>
		<truncated>0</truncated>
		<difficult>0</difficult>
		<bndbox>
			<xmin>269</xmin>
			<ymin>632</ymin>
			<xmax>322</xmax>
			<ymax>654</ymax>
		</bndbox>
	</object>
	<object>
		<name>table_value</name>
		<pose>Unspecified</pose>
		<truncated>0</truncated>
		<difficult>0</difficult>
		<bndbox>
			<xmin>335</xmin>
			<ymin>633</ymin>
			<xmax>391</xmax>
			<ymax>658</ymax>
		</bndbox>
	</object>
	<object>
		<name>table_value</name>
		<pose>Unspecified</pose>
		<truncated>0</truncated>
		<difficult>0</difficult>
		<bndbox>
			<xmin>412</xmin>
			<ymin>631</ymin>
			<xmax>464</xmax>
			<ymax>653</ymax>
		</bndbox>
	</object>
	<object>
		<name>table_value</name>
		<pose>Unspecified</pose>
		<truncated>0</truncated>
		<difficult>0</difficult>
		<bndbox>
			<xmin>480</xmin>
			<ymin>631</ymin>
			<xmax>535</xmax>
			<ymax>656</ymax>
		</bndbox>
	</object>
	<object>
		<name>table_value</name>
		<pose>Unspecified</pose>
		<truncated>0</truncated>
		<difficult>0</difficult>
		<bndbox>
			<xmin>556</xmin>
			<ymin>626</ymin>
			<xmax>611</xmax>
			<ymax>653</ymax>
		</bndbox>
	</object>
	<object>
		<name>table_value</name>
		<pose>Unspecified</pose>
		<truncated>0</truncated>
		<difficult>0</difficult>
		<bndbox>
			<xmin>637</xmin>
			<ymin>630</ymin>
			<xmax>694</xmax>
			<ymax>654</ymax>
		</bndbox>
	</object>
	<object>
		<name>table_value</name>
		<pose>Unspecified</pose>
		<truncated>0</truncated>
		<difficult>0</difficult>
		<bndbox>
			<xmin>709</xmin>
			<ymin>631</ymin>
			<xmax>772</xmax>
			<ymax>656</ymax>
		</bndbox>
	</object>
	<object>
		<name>table_value</name>
		<pose>Unspecified</pose>
		<truncated>0</truncated>
		<difficult>0</difficult>
		<bndbox>
			<xmin>269</xmin>
			<ymin>631</ymin>
			<xmax>322</xmax>
			<ymax>653</ymax>
		</bndbox>
	</object>
	<object>
		<name>table_value</name>
		<pose>Unspecified</pose>
		<truncated>0</truncated>
		<difficult>0</difficult>
		<bndbox>
			<xmin>285</xmin>
			<ymin>656</ymin>
			<xmax>322</xmax>
			<ymax>681</ymax>
		</bndbox>
	</object>
	<object>
		<name>table_value</name>
		<pose>Unspecified</pose>
		<truncated>0</truncated>
		<difficult>0</difficult>
		<bndbox>
			<xmin>290</xmin>
			<ymin>682</ymin>
			<xmax>323</xmax>
			<ymax>703</ymax>
		</bndbox>
	</object>
	<object>
		<name>table_value</name>
		<pose>Unspecified</pose>
		<truncated>0</truncated>
		<difficult>0</difficult>
		<bndbox>
			<xmin>286</xmin>
			<ymin>703</ymin>
			<xmax>322</xmax>
			<ymax>728</ymax>
		</bndbox>
	</object>
	<object>
		<name>table_value</name>
		<pose>Unspecified</pose>
		<truncated>0</truncated>
		<difficult>0</difficult>
		<bndbox>
			<xmin>290</xmin>
			<ymin>730</ymin>
			<xmax>330</xmax>
			<ymax>755</ymax>
		</bndbox>
	</object>
	<object>
		<name>table_value</name>
		<pose>Unspecified</pose>
		<truncated>0</truncated>
		<difficult>0</difficult>
		<bndbox>
			<xmin>284</xmin>
			<ymin>758</ymin>
			<xmax>323</xmax>
			<ymax>781</ymax>
		</bndbox>
	</object>
	<object>
		<name>table_value</name>
		<pose>Unspecified</pose>
		<truncated>0</truncated>
		<difficult>0</difficult>
		<bndbox>
			<xmin>284</xmin>
			<ymin>782</ymin>
			<xmax>324</xmax>
			<ymax>808</ymax>
		</bndbox>
	</object>
	<object>
		<name>table_value</name>
		<pose>Unspecified</pose>
		<truncated>0</truncated>
		<difficult>0</difficult>
		<bndbox>
			<xmin>279</xmin>
			<ymin>806</ymin>
			<xmax>325</xmax>
			<ymax>836</ymax>
		</bndbox>
	</object>
	<object>
		<name>table_value</name>
		<pose>Unspecified</pose>
		<truncated>0</truncated>
		<difficult>0</difficult>
		<bndbox>
			<xmin>282</xmin>
			<ymin>851</ymin>
			<xmax>325</xmax>
			<ymax>880</ymax>
		</bndbox>
	</object>
	<object>
		<name>table_value</name>
		<pose>Unspecified</pose>
		<truncated>0</truncated>
		<difficult>0</difficult>
		<bndbox>
			<xmin>264</xmin>
			<ymin>883</ymin>
			<xmax>322</xmax>
			<ymax>905</ymax>
		</bndbox>
	</object>
	<object>
		<name>table_value</name>
		<pose>Unspecified</pose>
		<truncated>0</truncated>
		<difficult>0</difficult>
		<bndbox>
			<xmin>340</xmin>
			<ymin>678</ymin>
			<xmax>393</xmax>
			<ymax>704</ymax>
		</bndbox>
	</object>
	<object>
		<name>table_value</name>
		<pose>Unspecified</pose>
		<truncated>0</truncated>
		<difficult>0</difficult>
		<bndbox>
			<xmin>352</xmin>
			<ymin>654</ymin>
			<xmax>390</xmax>
			<ymax>679</ymax>
		</bndbox>
	</object>
	<object>
		<name>table_value</name>
		<pose>Unspecified</pose>
		<truncated>0</truncated>
		<difficult>0</difficult>
		<bndbox>
			<xmin>343</xmin>
			<ymin>705</ymin>
			<xmax>392</xmax>
			<ymax>731</ymax>
		</bndbox>
	</object>
	<object>
		<name>table_value</name>
		<pose>Unspecified</pose>
		<truncated>0</truncated>
		<difficult>0</difficult>
		<bndbox>
			<xmin>352</xmin>
			<ymin>731</ymin>
			<xmax>391</xmax>
			<ymax>755</ymax>
		</bndbox>
	</object>
	<object>
		<name>table_value</name>
		<pose>Unspecified</pose>
		<truncated>0</truncated>
		<difficult>0</difficult>
		<bndbox>
			<xmin>352</xmin>
			<ymin>757</ymin>
			<xmax>390</xmax>
			<ymax>783</ymax>
		</bndbox>
	</object>
	<object>
		<name>table_value</name>
		<pose>Unspecified</pose>
		<truncated>0</truncated>
		<difficult>0</difficult>
		<bndbox>
			<xmin>354</xmin>
			<ymin>783</ymin>
			<xmax>393</xmax>
			<ymax>808</ymax>
		</bndbox>
	</object>
	<object>
		<name>table_value</name>
		<pose>Unspecified</pose>
		<truncated>0</truncated>
		<difficult>0</difficult>
		<bndbox>
			<xmin>350</xmin>
			<ymin>809</ymin>
			<xmax>392</xmax>
			<ymax>834</ymax>
		</bndbox>
	</object>
	<object>
		<name>table_value</name>
		<pose>Unspecified</pose>
		<truncated>0</truncated>
		<difficult>0</difficult>
		<bndbox>
			<xmin>349</xmin>
			<ymin>857</ymin>
			<xmax>389</xmax>
			<ymax>878</ymax>
		</bndbox>
	</object>
	<object>
		<name>table_value</name>
		<pose>Unspecified</pose>
		<truncated>0</truncated>
		<difficult>0</difficult>
		<bndbox>
			<xmin>332</xmin>
			<ymin>882</ymin>
			<xmax>389</xmax>
			<ymax>907</ymax>
		</bndbox>
	</object>
	<object>
		<name>table_value</name>
		<pose>Unspecified</pose>
		<truncated>0</truncated>
		<difficult>0</difficult>
		<bndbox>
			<xmin>424</xmin>
			<ymin>656</ymin>
			<xmax>469</xmax>
			<ymax>678</ymax>
		</bndbox>
	</object>
	<object>
		<name>table_value</name>
		<pose>Unspecified</pose>
		<truncated>0</truncated>
		<difficult>0</difficult>
		<bndbox>
			<xmin>414</xmin>
			<ymin>680</ymin>
			<xmax>466</xmax>
			<ymax>702</ymax>
		</bndbox>
	</object>
	<object>
		<name>table_value</name>
		<pose>Unspecified</pose>
		<truncated>0</truncated>
		<difficult>0</difficult>
		<bndbox>
			<xmin>425</xmin>
			<ymin>706</ymin>
			<xmax>465</xmax>
			<ymax>730</ymax>
		</bndbox>
	</object>
	<object>
		<name>table_value</name>
		<pose>Unspecified</pose>
		<truncated>0</truncated>
		<difficult>0</difficult>
		<bndbox>
			<xmin>429</xmin>
			<ymin>732</ymin>
			<xmax>465</xmax>
			<ymax>759</ymax>
		</bndbox>
	</object>
	<object>
		<name>table_value</name>
		<pose>Unspecified</pose>
		<truncated>0</truncated>
		<difficult>0</difficult>
		<bndbox>
			<xmin>427</xmin>
			<ymin>759</ymin>
			<xmax>467</xmax>
			<ymax>783</ymax>
		</bndbox>
	</object>
	<object>
		<name>table_value</name>
		<pose>Unspecified</pose>
		<truncated>0</truncated>
		<difficult>0</difficult>
		<bndbox>
			<xmin>427</xmin>
			<ymin>782</ymin>
			<xmax>466</xmax>
			<ymax>805</ymax>
		</bndbox>
	</object>
	<object>
		<name>table_value</name>
		<pose>Unspecified</pose>
		<truncated>0</truncated>
		<difficult>0</difficult>
		<bndbox>
			<xmin>428</xmin>
			<ymin>807</ymin>
			<xmax>466</xmax>
			<ymax>834</ymax>
		</bndbox>
	</object>
	<object>
		<name>table_value</name>
		<pose>Unspecified</pose>
		<truncated>0</truncated>
		<difficult>0</difficult>
		<bndbox>
			<xmin>416</xmin>
			<ymin>856</ymin>
			<xmax>466</xmax>
			<ymax>883</ymax>
		</bndbox>
	</object>
	<object>
		<name>table_value</name>
		<pose>Unspecified</pose>
		<truncated>0</truncated>
		<difficult>0</difficult>
		<bndbox>
			<xmin>412</xmin>
			<ymin>878</ymin>
			<xmax>465</xmax>
			<ymax>904</ymax>
		</bndbox>
	</object>
	<object>
		<name>table_value</name>
		<pose>Unspecified</pose>
		<truncated>0</truncated>
		<difficult>0</difficult>
		<bndbox>
			<xmin>504</xmin>
			<ymin>682</ymin>
			<xmax>536</xmax>
			<ymax>705</ymax>
		</bndbox>
	</object>
	<object>
		<name>table_value</name>
		<pose>Unspecified</pose>
		<truncated>0</truncated>
		<difficult>0</difficult>
		<bndbox>
			<xmin>489</xmin>
			<ymin>704</ymin>
			<xmax>531</xmax>
			<ymax>730</ymax>
		</bndbox>
	</object>
	<object>
		<name>table_value</name>
		<pose>Unspecified</pose>
		<truncated>0</truncated>
		<difficult>0</difficult>
		<bndbox>
			<xmin>492</xmin>
			<ymin>731</ymin>
			<xmax>535</xmax>
			<ymax>754</ymax>
		</bndbox>
	</object>
	<object>
		<name>table_value</name>
		<pose>Unspecified</pose>
		<truncated>0</truncated>
		<difficult>0</difficult>
		<bndbox>
			<xmin>498</xmin>
			<ymin>757</ymin>
			<xmax>534</xmax>
			<ymax>782</ymax>
		</bndbox>
	</object>
	<object>
		<name>table_value</name>
		<pose>Unspecified</pose>
		<truncated>0</truncated>
		<difficult>0</difficult>
		<bndbox>
			<xmin>494</xmin>
			<ymin>781</ymin>
			<xmax>534</xmax>
			<ymax>808</ymax>
		</bndbox>
	</object>
	<object>
		<name>table_value</name>
		<pose>Unspecified</pose>
		<truncated>0</truncated>
		<difficult>0</difficult>
		<bndbox>
			<xmin>479</xmin>
			<ymin>808</ymin>
			<xmax>532</xmax>
			<ymax>833</ymax>
		</bndbox>
	</object>
	<object>
		<name>table_value</name>
		<pose>Unspecified</pose>
		<truncated>0</truncated>
		<difficult>0</difficult>
		<bndbox>
			<xmin>482</xmin>
			<ymin>852</ymin>
			<xmax>530</xmax>
			<ymax>880</ymax>
		</bndbox>
	</object>
	<object>
		<name>table_value</name>
		<pose>Unspecified</pose>
		<truncated>0</truncated>
		<difficult>0</difficult>
		<bndbox>
			<xmin>473</xmin>
			<ymin>880</ymin>
			<xmax>534</xmax>
			<ymax>903</ymax>
		</bndbox>
	</object>
	<object>
		<name>table_value</name>
		<pose>Unspecified</pose>
		<truncated>0</truncated>
		<difficult>0</difficult>
		<bndbox>
			<xmin>501</xmin>
			<ymin>655</ymin>
			<xmax>535</xmax>
			<ymax>679</ymax>
		</bndbox>
	</object>
	<object>
		<name>table_value</name>
		<pose>Unspecified</pose>
		<truncated>0</truncated>
		<difficult>0</difficult>
		<bndbox>
			<xmin>568</xmin>
			<ymin>653</ymin>
			<xmax>607</xmax>
			<ymax>680</ymax>
		</bndbox>
	</object>
	<object>
		<name>table_value</name>
		<pose>Unspecified</pose>
		<truncated>0</truncated>
		<difficult>0</difficult>
		<bndbox>
			<xmin>580</xmin>
			<ymin>676</ymin>
			<xmax>608</xmax>
			<ymax>704</ymax>
		</bndbox>
	</object>
	<object>
		<name>table_value</name>
		<pose>Unspecified</pose>
		<truncated>0</truncated>
		<difficult>0</difficult>
		<bndbox>
			<xmin>573</xmin>
			<ymin>704</ymin>
			<xmax>611</xmax>
			<ymax>733</ymax>
		</bndbox>
	</object>
	<object>
		<name>table_value</name>
		<pose>Unspecified</pose>
		<truncated>0</truncated>
		<difficult>0</difficult>
		<bndbox>
			<xmin>575</xmin>
			<ymin>732</ymin>
			<xmax>609</xmax>
			<ymax>758</ymax>
		</bndbox>
	</object>
	<object>
		<name>table_value</name>
		<pose>Unspecified</pose>
		<truncated>0</truncated>
		<difficult>0</difficult>
		<bndbox>
			<xmin>561</xmin>
			<ymin>755</ymin>
			<xmax>605</xmax>
			<ymax>781</ymax>
		</bndbox>
	</object>
	<object>
		<name>table_value</name>
		<pose>Unspecified</pose>
		<truncated>0</truncated>
		<difficult>0</difficult>
		<bndbox>
			<xmin>568</xmin>
			<ymin>783</ymin>
			<xmax>607</xmax>
			<ymax>810</ymax>
		</bndbox>
	</object>
	<object>
		<name>table_value</name>
		<pose>Unspecified</pose>
		<truncated>0</truncated>
		<difficult>0</difficult>
		<bndbox>
			<xmin>552</xmin>
			<ymin>808</ymin>
			<xmax>606</xmax>
			<ymax>835</ymax>
		</bndbox>
	</object>
	<object>
		<name>table_value</name>
		<pose>Unspecified</pose>
		<truncated>0</truncated>
		<difficult>0</difficult>
		<bndbox>
			<xmin>554</xmin>
			<ymin>853</ymin>
			<xmax>609</xmax>
			<ymax>880</ymax>
		</bndbox>
	</object>
	<object>
		<name>table_value</name>
		<pose>Unspecified</pose>
		<truncated>0</truncated>
		<difficult>0</difficult>
		<bndbox>
			<xmin>552</xmin>
			<ymin>881</ymin>
			<xmax>606</xmax>
			<ymax>908</ymax>
		</bndbox>
	</object>
	<object>
		<name>table_value</name>
		<pose>Unspecified</pose>
		<truncated>0</truncated>
		<difficult>0</difficult>
		<bndbox>
			<xmin>649</xmin>
			<ymin>658</ymin>
			<xmax>694</xmax>
			<ymax>680</ymax>
		</bndbox>
	</object>
	<object>
		<name>table_value</name>
		<pose>Unspecified</pose>
		<truncated>0</truncated>
		<difficult>0</difficult>
		<bndbox>
			<xmin>658</xmin>
			<ymin>677</ymin>
			<xmax>694</xmax>
			<ymax>703</ymax>
		</bndbox>
	</object>
	<object>
		<name>table_value</name>
		<pose>Unspecified</pose>
		<truncated>0</truncated>
		<difficult>0</difficult>
		<bndbox>
			<xmin>662</xmin>
			<ymin>706</ymin>
			<xmax>694</xmax>
			<ymax>731</ymax>
		</bndbox>
	</object>
	<object>
		<name>table_value</name>
		<pose>Unspecified</pose>
		<truncated>0</truncated>
		<difficult>0</difficult>
		<bndbox>
			<xmin>653</xmin>
			<ymin>729</ymin>
			<xmax>690</xmax>
			<ymax>758</ymax>
		</bndbox>
	</object>
	<object>
		<name>table_value</name>
		<pose>Unspecified</pose>
		<truncated>0</truncated>
		<difficult>0</difficult>
		<bndbox>
			<xmin>648</xmin>
			<ymin>758</ymin>
			<xmax>695</xmax>
			<ymax>783</ymax>
		</bndbox>
	</object>
	<object>
		<name>table_value</name>
		<pose>Unspecified</pose>
		<truncated>0</truncated>
		<difficult>0</difficult>
		<bndbox>
			<xmin>639</xmin>
			<ymin>781</ymin>
			<xmax>691</xmax>
			<ymax>806</ymax>
		</bndbox>
	</object>
	<object>
		<name>table_value</name>
		<pose>Unspecified</pose>
		<truncated>0</truncated>
		<difficult>0</difficult>
		<bndbox>
			<xmin>652</xmin>
			<ymin>808</ymin>
			<xmax>691</xmax>
			<ymax>834</ymax>
		</bndbox>
	</object>
	<object>
		<name>table_value</name>
		<pose>Unspecified</pose>
		<truncated>0</truncated>
		<difficult>0</difficult>
		<bndbox>
			<xmin>635</xmin>
			<ymin>855</ymin>
			<xmax>691</xmax>
			<ymax>879</ymax>
		</bndbox>
	</object>
	<object>
		<name>table_value</name>
		<pose>Unspecified</pose>
		<truncated>0</truncated>
		<difficult>0</difficult>
		<bndbox>
			<xmin>635</xmin>
			<ymin>882</ymin>
			<xmax>691</xmax>
			<ymax>906</ymax>
		</bndbox>
	</object>
	<object>
		<name>table_value</name>
		<pose>Unspecified</pose>
		<truncated>0</truncated>
		<difficult>0</difficult>
		<bndbox>
			<xmin>736</xmin>
			<ymin>653</ymin>
			<xmax>770</xmax>
			<ymax>680</ymax>
		</bndbox>
	</object>
	<object>
		<name>table_value</name>
		<pose>Unspecified</pose>
		<truncated>0</truncated>
		<difficult>0</difficult>
		<bndbox>
			<xmin>730</xmin>
			<ymin>681</ymin>
			<xmax>768</xmax>
			<ymax>705</ymax>
		</bndbox>
	</object>
	<object>
		<name>table_value</name>
		<pose>Unspecified</pose>
		<truncated>0</truncated>
		<difficult>0</difficult>
		<bndbox>
			<xmin>733</xmin>
			<ymin>706</ymin>
			<xmax>770</xmax>
			<ymax>730</ymax>
		</bndbox>
	</object>
	<object>
		<name>table_value</name>
		<pose>Unspecified</pose>
		<truncated>0</truncated>
		<difficult>0</difficult>
		<bndbox>
			<xmin>728</xmin>
			<ymin>733</ymin>
			<xmax>774</xmax>
			<ymax>758</ymax>
		</bndbox>
	</object>
	<object>
		<name>table_value</name>
		<pose>Unspecified</pose>
		<truncated>0</truncated>
		<difficult>0</difficult>
		<bndbox>
			<xmin>728</xmin>
			<ymin>760</ymin>
			<xmax>778</xmax>
			<ymax>784</ymax>
		</bndbox>
	</object>
	<object>
		<name>table_value</name>
		<pose>Unspecified</pose>
		<truncated>0</truncated>
		<difficult>0</difficult>
		<bndbox>
			<xmin>717</xmin>
			<ymin>786</ymin>
			<xmax>778</xmax>
			<ymax>808</ymax>
		</bndbox>
	</object>
	<object>
		<name>table_value</name>
		<pose>Unspecified</pose>
		<truncated>0</truncated>
		<difficult>0</difficult>
		<bndbox>
			<xmin>727</xmin>
			<ymin>811</ymin>
			<xmax>776</xmax>
			<ymax>836</ymax>
		</bndbox>
	</object>
	<object>
		<name>table_value</name>
		<pose>Unspecified</pose>
		<truncated>0</truncated>
		<difficult>0</difficult>
		<bndbox>
			<xmin>731</xmin>
			<ymin>847</ymin>
			<xmax>771</xmax>
			<ymax>879</ymax>
		</bndbox>
	</object>
	<object>
		<name>table_value</name>
		<pose>Unspecified</pose>
		<truncated>0</truncated>
		<difficult>0</difficult>
		<bndbox>
			<xmin>722</xmin>
			<ymin>880</ymin>
			<xmax>767</xmax>
			<ymax>903</ymax>
		</bndbox>
	</object>
	<object>
		<name>table_value</name>
		<pose>Unspecified</pose>
		<truncated>0</truncated>
		<difficult>0</difficult>
		<bndbox>
			<xmin>104</xmin>
			<ymin>658</ymin>
			<xmax>230</xmax>
			<ymax>678</ymax>
		</bndbox>
	</object>
	<object>
		<name>table_value</name>
		<pose>Unspecified</pose>
		<truncated>0</truncated>
		<difficult>0</difficult>
		<bndbox>
			<xmin>100</xmin>
			<ymin>681</ymin>
			<xmax>180</xmax>
			<ymax>704</ymax>
		</bndbox>
	</object>
	<object>
		<name>table_value</name>
		<pose>Unspecified</pose>
		<truncated>0</truncated>
		<difficult>0</difficult>
		<bndbox>
			<xmin>102</xmin>
			<ymin>708</ymin>
			<xmax>204</xmax>
			<ymax>729</ymax>
		</bndbox>
	</object>
	<object>
		<name>table_value</name>
		<pose>Unspecified</pose>
		<truncated>0</truncated>
		<difficult>0</difficult>
		<bndbox>
			<xmin>103</xmin>
			<ymin>731</ymin>
			<xmax>241</xmax>
			<ymax>758</ymax>
		</bndbox>
	</object>
	<object>
		<name>table_value</name>
		<pose>Unspecified</pose>
		<truncated>0</truncated>
		<difficult>0</difficult>
		<bndbox>
			<xmin>102</xmin>
			<ymin>758</ymin>
			<xmax>233</xmax>
			<ymax>782</ymax>
		</bndbox>
	</object>
	<object>
		<name>table_value</name>
		<pose>Unspecified</pose>
		<truncated>0</truncated>
		<difficult>0</difficult>
		<bndbox>
			<xmin>102</xmin>
			<ymin>786</ymin>
			<xmax>216</xmax>
			<ymax>808</ymax>
		</bndbox>
	</object>
	<object>
		<name>table_value</name>
		<pose>Unspecified</pose>
		<truncated>0</truncated>
		<difficult>0</difficult>
		<bndbox>
			<xmin>100</xmin>
			<ymin>812</ymin>
			<xmax>210</xmax>
			<ymax>831</ymax>
		</bndbox>
	</object>
	<object>
		<name>table_value</name>
		<pose>Unspecified</pose>
		<truncated>0</truncated>
		<difficult>0</difficult>
		<bndbox>
			<xmin>105</xmin>
			<ymin>833</ymin>
			<xmax>214</xmax>
			<ymax>879</ymax>
		</bndbox>
	</object>
	<object>
		<name>table_value</name>
		<pose>Unspecified</pose>
		<truncated>0</truncated>
		<difficult>0</difficult>
		<bndbox>
			<xmin>102</xmin>
			<ymin>880</ymin>
			<xmax>228</xmax>
			<ymax>903</ymax>
		</bndbox>
	</object>
	<object>
		<name>text</name>
		<pose>Unspecified</pose>
		<truncated>0</truncated>
		<difficult>0</difficult>
		<bndbox>
			<xmin>102</xmin>
			<ymin>919</ymin>
			<xmax>767</xmax>
			<ymax>1000</ymax>
		</bndbox>
	</object>
	<object>
		<name>text_order</name>
		<pose>Unspecified</pose>
		<truncated>0</truncated>
		<difficult>0</difficult>
		<bndbox>
			<xmin>56</xmin>
			<ymin>1010</ymin>
			<xmax>102</xmax>
			<ymax>1046</ymax>
		</bndbox>
	</object>
	<object>
		<name>section_header</name>
		<pose>Unspecified</pose>
		<truncated>0</truncated>
		<difficult>0</difficult>
		<bndbox>
			<xmin>105</xmin>
			<ymin>1010</ymin>
			<xmax>671</xmax>
			<ymax>1038</ymax>
		</bndbox>
	</object>
	<object>
		<name>section_header</name>
		<pose>Unspecified</pose>
		<truncated>0</truncated>
		<difficult>0</difficult>
		<bndbox>
			<xmin>101</xmin>
			<ymin>1034</ymin>
			<xmax>743</xmax>
			<ymax>1090</ymax>
		</bndbox>
	</object>
</annotation>
