<annotation>
	<folder>labeled image</folder>
	<filename>img-9.png</filename>
	<path>/home/samuel/Downloads/labeled image/img-9.png</path>
	<source>
		<database>Unknown</database>
	</source>
	<size>
		<width>840</width>
		<height>1191</height>
		<depth>3</depth>
	</size>
	<segmented>0</segmented>
	<object>
		<name>header</name>
		<pose>Unspecified</pose>
		<truncated>0</truncated>
		<difficult>0</difficult>
		<bndbox>
			<xmin>49</xmin>
			<ymin>31</ymin>
			<xmax>749</xmax>
			<ymax>149</ymax>
		</bndbox>
	</object>
	<object>
		<name>table_column</name>
		<pose>Unspecified</pose>
		<truncated>0</truncated>
		<difficult>0</difficult>
		<bndbox>
			<xmin>311</xmin>
			<ymin>240</ymin>
			<xmax>487</xmax>
			<ymax>287</ymax>
		</bndbox>
	</object>
	<object>
		<name>table_column</name>
		<pose>Unspecified</pose>
		<truncated>0</truncated>
		<difficult>0</difficult>
		<bndbox>
			<xmin>517</xmin>
			<ymin>236</ymin>
			<xmax>654</xmax>
			<ymax>294</ymax>
		</bndbox>
	</object>
	<object>
		<name>table_column</name>
		<pose>Unspecified</pose>
		<truncated>0</truncated>
		<difficult>0</difficult>
		<bndbox>
			<xmin>673</xmin>
			<ymin>237</ymin>
			<xmax>780</xmax>
			<ymax>289</ymax>
		</bndbox>
	</object>
	<object>
		<name>table_column</name>
		<pose>Unspecified</pose>
		<truncated>0</truncated>
		<difficult>0</difficult>
		<bndbox>
			<xmin>283</xmin>
			<ymin>294</ymin>
			<xmax>355</xmax>
			<ymax>339</ymax>
		</bndbox>
	</object>
	<object>
		<name>table_column</name>
		<pose>Unspecified</pose>
		<truncated>0</truncated>
		<difficult>0</difficult>
		<bndbox>
			<xmin>357</xmin>
			<ymin>294</ymin>
			<xmax>420</xmax>
			<ymax>335</ymax>
		</bndbox>
	</object>
	<object>
		<name>table_column</name>
		<pose>Unspecified</pose>
		<truncated>0</truncated>
		<difficult>0</difficult>
		<bndbox>
			<xmin>419</xmin>
			<ymin>296</ymin>
			<xmax>475</xmax>
			<ymax>336</ymax>
		</bndbox>
	</object>
	<object>
		<name>table_column</name>
		<pose>Unspecified</pose>
		<truncated>0</truncated>
		<difficult>0</difficult>
		<bndbox>
			<xmin>484</xmin>
			<ymin>295</ymin>
			<xmax>552</xmax>
			<ymax>341</ymax>
		</bndbox>
	</object>
	<object>
		<name>table_column</name>
		<pose>Unspecified</pose>
		<truncated>0</truncated>
		<difficult>0</difficult>
		<bndbox>
			<xmin>552</xmin>
			<ymin>298</ymin>
			<xmax>615</xmax>
			<ymax>336</ymax>
		</bndbox>
	</object>
	<object>
		<name>table_column</name>
		<pose>Unspecified</pose>
		<truncated>0</truncated>
		<difficult>0</difficult>
		<bndbox>
			<xmin>616</xmin>
			<ymin>294</ymin>
			<xmax>680</xmax>
			<ymax>335</ymax>
		</bndbox>
	</object>
	<object>
		<name>table_column</name>
		<pose>Unspecified</pose>
		<truncated>0</truncated>
		<difficult>0</difficult>
		<bndbox>
			<xmin>697</xmin>
			<ymin>294</ymin>
			<xmax>784</xmax>
			<ymax>340</ymax>
		</bndbox>
	</object>
	<object>
		<name>table_value</name>
		<pose>Unspecified</pose>
		<truncated>0</truncated>
		<difficult>0</difficult>
		<bndbox>
			<xmin>75</xmin>
			<ymin>569</ymin>
			<xmax>273</xmax>
			<ymax>607</ymax>
		</bndbox>
	</object>
	<object>
		<name>table_value</name>
		<pose>Unspecified</pose>
		<truncated>0</truncated>
		<difficult>0</difficult>
		<bndbox>
			<xmin>75</xmin>
			<ymin>608</ymin>
			<xmax>247</xmax>
			<ymax>651</ymax>
		</bndbox>
	</object>
	<object>
		<name>table_value</name>
		<pose>Unspecified</pose>
		<truncated>0</truncated>
		<difficult>0</difficult>
		<bndbox>
			<xmin>82</xmin>
			<ymin>493</ymin>
			<xmax>257</xmax>
			<ymax>537</ymax>
		</bndbox>
	</object>
	<object>
		<name>table_value</name>
		<pose>Unspecified</pose>
		<truncated>0</truncated>
		<difficult>0</difficult>
		<bndbox>
			<xmin>82</xmin>
			<ymin>469</ymin>
			<xmax>185</xmax>
			<ymax>491</ymax>
		</bndbox>
	</object>
	<object>
		<name>table_value</name>
		<pose>Unspecified</pose>
		<truncated>0</truncated>
		<difficult>0</difficult>
		<bndbox>
			<xmin>81</xmin>
			<ymin>417</ymin>
			<xmax>266</xmax>
			<ymax>441</ymax>
		</bndbox>
	</object>
	<object>
		<name>table_value</name>
		<pose>Unspecified</pose>
		<truncated>0</truncated>
		<difficult>0</difficult>
		<bndbox>
			<xmin>80</xmin>
			<ymin>442</ymin>
			<xmax>250</xmax>
			<ymax>466</ymax>
		</bndbox>
	</object>
	<object>
		<name>table_value</name>
		<pose>Unspecified</pose>
		<truncated>0</truncated>
		<difficult>0</difficult>
		<bndbox>
			<xmin>77</xmin>
			<ymin>362</ymin>
			<xmax>258</xmax>
			<ymax>387</ymax>
		</bndbox>
	</object>
	<object>
		<name>table_value</name>
		<pose>Unspecified</pose>
		<truncated>0</truncated>
		<difficult>0</difficult>
		<bndbox>
			<xmin>310</xmin>
			<ymin>341</ymin>
			<xmax>352</xmax>
			<ymax>360</ymax>
		</bndbox>
	</object>
	<object>
		<name>table_value</name>
		<pose>Unspecified</pose>
		<truncated>0</truncated>
		<difficult>0</difficult>
		<bndbox>
			<xmin>308</xmin>
			<ymin>340</ymin>
			<xmax>350</xmax>
			<ymax>359</ymax>
		</bndbox>
	</object>
	<object>
		<name>table_value</name>
		<pose>Unspecified</pose>
		<truncated>0</truncated>
		<difficult>0</difficult>
		<bndbox>
			<xmin>502</xmin>
			<ymin>391</ymin>
			<xmax>547</xmax>
			<ymax>413</ymax>
		</bndbox>
	</object>
	<object>
		<name>table_value</name>
		<pose>Unspecified</pose>
		<truncated>0</truncated>
		<difficult>0</difficult>
		<bndbox>
			<xmin>701</xmin>
			<ymin>441</ymin>
			<xmax>772</xmax>
			<ymax>465</ymax>
		</bndbox>
	</object>
	<object>
		<name>table_value</name>
		<pose>Unspecified</pose>
		<truncated>0</truncated>
		<difficult>0</difficult>
		<bndbox>
			<xmin>433</xmin>
			<ymin>386</ymin>
			<xmax>481</xmax>
			<ymax>409</ymax>
		</bndbox>
	</object>
	<object>
		<name>table_value</name>
		<pose>Unspecified</pose>
		<truncated>0</truncated>
		<difficult>0</difficult>
		<bndbox>
			<xmin>306</xmin>
			<ymin>386</ymin>
			<xmax>357</xmax>
			<ymax>412</ymax>
		</bndbox>
	</object>
	<object>
		<name>table_value</name>
		<pose>Unspecified</pose>
		<truncated>0</truncated>
		<difficult>0</difficult>
		<bndbox>
			<xmin>715</xmin>
			<ymin>365</ymin>
			<xmax>763</xmax>
			<ymax>390</ymax>
		</bndbox>
	</object>
	<object>
		<name>table_value</name>
		<pose>Unspecified</pose>
		<truncated>0</truncated>
		<difficult>0</difficult>
		<bndbox>
			<xmin>633</xmin>
			<ymin>366</ymin>
			<xmax>684</xmax>
			<ymax>390</ymax>
		</bndbox>
	</object>
	<object>
		<name>table_value</name>
		<pose>Unspecified</pose>
		<truncated>0</truncated>
		<difficult>0</difficult>
		<bndbox>
			<xmin>571</xmin>
			<ymin>366</ymin>
			<xmax>621</xmax>
			<ymax>386</ymax>
		</bndbox>
	</object>
	<object>
		<name>table_value</name>
		<pose>Unspecified</pose>
		<truncated>0</truncated>
		<difficult>0</difficult>
		<bndbox>
			<xmin>510</xmin>
			<ymin>357</ymin>
			<xmax>556</xmax>
			<ymax>387</ymax>
		</bndbox>
	</object>
	<object>
		<name>table_value</name>
		<pose>Unspecified</pose>
		<truncated>0</truncated>
		<difficult>0</difficult>
		<bndbox>
			<xmin>431</xmin>
			<ymin>405</ymin>
			<xmax>488</xmax>
			<ymax>430</ymax>
		</bndbox>
	</object>
	<object>
		<name>table_value</name>
		<pose>Unspecified</pose>
		<truncated>0</truncated>
		<difficult>0</difficult>
		<bndbox>
			<xmin>368</xmin>
			<ymin>360</ymin>
			<xmax>416</xmax>
			<ymax>389</ymax>
		</bndbox>
	</object>
	<object>
		<name>table_value</name>
		<pose>Unspecified</pose>
		<truncated>0</truncated>
		<difficult>0</difficult>
		<bndbox>
			<xmin>306</xmin>
			<ymin>362</ymin>
			<xmax>357</xmax>
			<ymax>386</ymax>
		</bndbox>
	</object>
	<object>
		<name>table_value</name>
		<pose>Unspecified</pose>
		<truncated>0</truncated>
		<difficult>0</difficult>
		<bndbox>
			<xmin>696</xmin>
			<ymin>337</ymin>
			<xmax>765</xmax>
			<ymax>363</ymax>
		</bndbox>
	</object>
	<object>
		<name>table_value</name>
		<pose>Unspecified</pose>
		<truncated>0</truncated>
		<difficult>0</difficult>
		<bndbox>
			<xmin>618</xmin>
			<ymin>340</ymin>
			<xmax>679</xmax>
			<ymax>363</ymax>
		</bndbox>
	</object>
	<object>
		<name>table_value</name>
		<pose>Unspecified</pose>
		<truncated>0</truncated>
		<difficult>0</difficult>
		<bndbox>
			<xmin>574</xmin>
			<ymin>343</ymin>
			<xmax>622</xmax>
			<ymax>368</ymax>
		</bndbox>
	</object>
	<object>
		<name>table_value</name>
		<pose>Unspecified</pose>
		<truncated>0</truncated>
		<difficult>0</difficult>
		<bndbox>
			<xmin>507</xmin>
			<ymin>336</ymin>
			<xmax>551</xmax>
			<ymax>359</ymax>
		</bndbox>
	</object>
	<object>
		<name>table_value</name>
		<pose>Unspecified</pose>
		<truncated>0</truncated>
		<difficult>0</difficult>
		<bndbox>
			<xmin>620</xmin>
			<ymin>386</ymin>
			<xmax>677</xmax>
			<ymax>413</ymax>
		</bndbox>
	</object>
	<object>
		<name>table_value</name>
		<pose>Unspecified</pose>
		<truncated>0</truncated>
		<difficult>0</difficult>
		<bndbox>
			<xmin>575</xmin>
			<ymin>390</ymin>
			<xmax>617</xmax>
			<ymax>422</ymax>
		</bndbox>
	</object>
	<object>
		<name>table_value</name>
		<pose>Unspecified</pose>
		<truncated>0</truncated>
		<difficult>0</difficult>
		<bndbox>
			<xmin>622</xmin>
			<ymin>439</ymin>
			<xmax>675</xmax>
			<ymax>467</ymax>
		</bndbox>
	</object>
	<object>
		<name>table_value</name>
		<pose>Unspecified</pose>
		<truncated>0</truncated>
		<difficult>0</difficult>
		<bndbox>
			<xmin>559</xmin>
			<ymin>444</ymin>
			<xmax>615</xmax>
			<ymax>464</ymax>
		</bndbox>
	</object>
	<object>
		<name>table_value</name>
		<pose>Unspecified</pose>
		<truncated>0</truncated>
		<difficult>0</difficult>
		<bndbox>
			<xmin>496</xmin>
			<ymin>440</ymin>
			<xmax>554</xmax>
			<ymax>465</ymax>
		</bndbox>
	</object>
	<object>
		<name>table_value</name>
		<pose>Unspecified</pose>
		<truncated>0</truncated>
		<difficult>0</difficult>
		<bndbox>
			<xmin>423</xmin>
			<ymin>440</ymin>
			<xmax>479</xmax>
			<ymax>461</ymax>
		</bndbox>
	</object>
	<object>
		<name>table_value</name>
		<pose>Unspecified</pose>
		<truncated>0</truncated>
		<difficult>0</difficult>
		<bndbox>
			<xmin>366</xmin>
			<ymin>442</ymin>
			<xmax>422</xmax>
			<ymax>463</ymax>
		</bndbox>
	</object>
	<object>
		<name>table_value</name>
		<pose>Unspecified</pose>
		<truncated>0</truncated>
		<difficult>0</difficult>
		<bndbox>
			<xmin>301</xmin>
			<ymin>442</ymin>
			<xmax>358</xmax>
			<ymax>463</ymax>
		</bndbox>
	</object>
	<object>
		<name>table_value</name>
		<pose>Unspecified</pose>
		<truncated>0</truncated>
		<difficult>0</difficult>
		<bndbox>
			<xmin>709</xmin>
			<ymin>413</ymin>
			<xmax>772</xmax>
			<ymax>440</ymax>
		</bndbox>
	</object>
	<object>
		<name>table_value</name>
		<pose>Unspecified</pose>
		<truncated>0</truncated>
		<difficult>0</difficult>
		<bndbox>
			<xmin>624</xmin>
			<ymin>414</ymin>
			<xmax>677</xmax>
			<ymax>443</ymax>
		</bndbox>
	</object>
	<object>
		<name>table_value</name>
		<pose>Unspecified</pose>
		<truncated>0</truncated>
		<difficult>0</difficult>
		<bndbox>
			<xmin>560</xmin>
			<ymin>413</ymin>
			<xmax>615</xmax>
			<ymax>443</ymax>
		</bndbox>
	</object>
	<object>
		<name>table_value</name>
		<pose>Unspecified</pose>
		<truncated>0</truncated>
		<difficult>0</difficult>
		<bndbox>
			<xmin>481</xmin>
			<ymin>410</ymin>
			<xmax>551</xmax>
			<ymax>437</ymax>
		</bndbox>
	</object>
	<object>
		<name>table_value</name>
		<pose>Unspecified</pose>
		<truncated>0</truncated>
		<difficult>0</difficult>
		<bndbox>
			<xmin>418</xmin>
			<ymin>359</ymin>
			<xmax>479</xmax>
			<ymax>390</ymax>
		</bndbox>
	</object>
	<object>
		<name>table_value</name>
		<pose>Unspecified</pose>
		<truncated>0</truncated>
		<difficult>0</difficult>
		<bndbox>
			<xmin>362</xmin>
			<ymin>412</ymin>
			<xmax>419</xmax>
			<ymax>437</ymax>
		</bndbox>
	</object>
	<object>
		<name>table_value</name>
		<pose>Unspecified</pose>
		<truncated>0</truncated>
		<difficult>0</difficult>
		<bndbox>
			<xmin>302</xmin>
			<ymin>412</ymin>
			<xmax>356</xmax>
			<ymax>439</ymax>
		</bndbox>
	</object>
	<object>
		<name>table_value</name>
		<pose>Unspecified</pose>
		<truncated>0</truncated>
		<difficult>0</difficult>
		<bndbox>
			<xmin>362</xmin>
			<ymin>337</ymin>
			<xmax>418</xmax>
			<ymax>358</ymax>
		</bndbox>
	</object>
	<object>
		<name>table_value</name>
		<pose>Unspecified</pose>
		<truncated>0</truncated>
		<difficult>0</difficult>
		<bndbox>
			<xmin>496</xmin>
			<ymin>540</ymin>
			<xmax>552</xmax>
			<ymax>561</ymax>
		</bndbox>
	</object>
	<object>
		<name>table_value</name>
		<pose>Unspecified</pose>
		<truncated>0</truncated>
		<difficult>0</difficult>
		<bndbox>
			<xmin>427</xmin>
			<ymin>540</ymin>
			<xmax>483</xmax>
			<ymax>561</ymax>
		</bndbox>
	</object>
	<object>
		<name>table_value</name>
		<pose>Unspecified</pose>
		<truncated>0</truncated>
		<difficult>0</difficult>
		<bndbox>
			<xmin>360</xmin>
			<ymin>540</ymin>
			<xmax>416</xmax>
			<ymax>561</ymax>
		</bndbox>
	</object>
	<object>
		<name>table_value</name>
		<pose>Unspecified</pose>
		<truncated>0</truncated>
		<difficult>0</difficult>
		<bndbox>
			<xmin>299</xmin>
			<ymin>543</ymin>
			<xmax>355</xmax>
			<ymax>564</ymax>
		</bndbox>
	</object>
	<object>
		<name>table_value</name>
		<pose>Unspecified</pose>
		<truncated>0</truncated>
		<difficult>0</difficult>
		<bndbox>
			<xmin>710</xmin>
			<ymin>513</ymin>
			<xmax>771</xmax>
			<ymax>541</ymax>
		</bndbox>
	</object>
	<object>
		<name>table_value</name>
		<pose>Unspecified</pose>
		<truncated>0</truncated>
		<difficult>0</difficult>
		<bndbox>
			<xmin>629</xmin>
			<ymin>515</ymin>
			<xmax>692</xmax>
			<ymax>543</ymax>
		</bndbox>
	</object>
	<object>
		<name>table_value</name>
		<pose>Unspecified</pose>
		<truncated>0</truncated>
		<difficult>0</difficult>
		<bndbox>
			<xmin>565</xmin>
			<ymin>513</ymin>
			<xmax>618</xmax>
			<ymax>538</ymax>
		</bndbox>
	</object>
	<object>
		<name>table_value</name>
		<pose>Unspecified</pose>
		<truncated>0</truncated>
		<difficult>0</difficult>
		<bndbox>
			<xmin>494</xmin>
			<ymin>515</ymin>
			<xmax>559</xmax>
			<ymax>542</ymax>
		</bndbox>
	</object>
	<object>
		<name>table_value</name>
		<pose>Unspecified</pose>
		<truncated>0</truncated>
		<difficult>0</difficult>
		<bndbox>
			<xmin>422</xmin>
			<ymin>513</ymin>
			<xmax>484</xmax>
			<ymax>539</ymax>
		</bndbox>
	</object>
	<object>
		<name>table_value</name>
		<pose>Unspecified</pose>
		<truncated>0</truncated>
		<difficult>0</difficult>
		<bndbox>
			<xmin>362</xmin>
			<ymin>514</ymin>
			<xmax>419</xmax>
			<ymax>538</ymax>
		</bndbox>
	</object>
	<object>
		<name>table_value</name>
		<pose>Unspecified</pose>
		<truncated>0</truncated>
		<difficult>0</difficult>
		<bndbox>
			<xmin>299</xmin>
			<ymin>515</ymin>
			<xmax>355</xmax>
			<ymax>536</ymax>
		</bndbox>
	</object>
	<object>
		<name>table_value</name>
		<pose>Unspecified</pose>
		<truncated>0</truncated>
		<difficult>0</difficult>
		<bndbox>
			<xmin>704</xmin>
			<ymin>469</ymin>
			<xmax>778</xmax>
			<ymax>496</ymax>
		</bndbox>
	</object>
	<object>
		<name>table_value</name>
		<pose>Unspecified</pose>
		<truncated>0</truncated>
		<difficult>0</difficult>
		<bndbox>
			<xmin>627</xmin>
			<ymin>469</ymin>
			<xmax>683</xmax>
			<ymax>490</ymax>
		</bndbox>
	</object>
	<object>
		<name>table_value</name>
		<pose>Unspecified</pose>
		<truncated>0</truncated>
		<difficult>0</difficult>
		<bndbox>
			<xmin>559</xmin>
			<ymin>467</ymin>
			<xmax>616</xmax>
			<ymax>488</ymax>
		</bndbox>
	</object>
	<object>
		<name>table_value</name>
		<pose>Unspecified</pose>
		<truncated>0</truncated>
		<difficult>0</difficult>
		<bndbox>
			<xmin>495</xmin>
			<ymin>468</ymin>
			<xmax>553</xmax>
			<ymax>492</ymax>
		</bndbox>
	</object>
	<object>
		<name>table_value</name>
		<pose>Unspecified</pose>
		<truncated>0</truncated>
		<difficult>0</difficult>
		<bndbox>
			<xmin>423</xmin>
			<ymin>470</ymin>
			<xmax>484</xmax>
			<ymax>494</ymax>
		</bndbox>
	</object>
	<object>
		<name>table_value</name>
		<pose>Unspecified</pose>
		<truncated>0</truncated>
		<difficult>0</difficult>
		<bndbox>
			<xmin>361</xmin>
			<ymin>466</ymin>
			<xmax>420</xmax>
			<ymax>489</ymax>
		</bndbox>
	</object>
	<object>
		<name>table_value</name>
		<pose>Unspecified</pose>
		<truncated>0</truncated>
		<difficult>0</difficult>
		<bndbox>
			<xmin>297</xmin>
			<ymin>467</ymin>
			<xmax>353</xmax>
			<ymax>488</ymax>
		</bndbox>
	</object>
	<object>
		<name>table_value</name>
		<pose>Unspecified</pose>
		<truncated>0</truncated>
		<difficult>0</difficult>
		<bndbox>
			<xmin>423</xmin>
			<ymin>337</ymin>
			<xmax>479</xmax>
			<ymax>358</ymax>
		</bndbox>
	</object>
	<object>
		<name>table_value</name>
		<pose>Unspecified</pose>
		<truncated>0</truncated>
		<difficult>0</difficult>
		<bndbox>
			<xmin>359</xmin>
			<ymin>391</ymin>
			<xmax>412</xmax>
			<ymax>411</ymax>
		</bndbox>
	</object>
	<object>
		<name>table_value</name>
		<pose>Unspecified</pose>
		<truncated>0</truncated>
		<difficult>0</difficult>
		<bndbox>
			<xmin>714</xmin>
			<ymin>542</ymin>
			<xmax>776</xmax>
			<ymax>565</ymax>
		</bndbox>
	</object>
	<object>
		<name>table_value</name>
		<pose>Unspecified</pose>
		<truncated>0</truncated>
		<difficult>0</difficult>
		<bndbox>
			<xmin>626</xmin>
			<ymin>542</ymin>
			<xmax>683</xmax>
			<ymax>562</ymax>
		</bndbox>
	</object>
	<object>
		<name>table_value</name>
		<pose>Unspecified</pose>
		<truncated>0</truncated>
		<difficult>0</difficult>
		<bndbox>
			<xmin>568</xmin>
			<ymin>540</ymin>
			<xmax>624</xmax>
			<ymax>561</ymax>
		</bndbox>
	</object>
	<object>
		<name>table_value</name>
		<pose>Unspecified</pose>
		<truncated>0</truncated>
		<difficult>0</difficult>
		<bndbox>
			<xmin>702</xmin>
			<ymin>578</ymin>
			<xmax>767</xmax>
			<ymax>612</ymax>
		</bndbox>
	</object>
	<object>
		<name>table_value</name>
		<pose>Unspecified</pose>
		<truncated>0</truncated>
		<difficult>0</difficult>
		<bndbox>
			<xmin>623</xmin>
			<ymin>584</ymin>
			<xmax>687</xmax>
			<ymax>612</ymax>
		</bndbox>
	</object>
	<object>
		<name>table_value</name>
		<pose>Unspecified</pose>
		<truncated>0</truncated>
		<difficult>0</difficult>
		<bndbox>
			<xmin>560</xmin>
			<ymin>582</ymin>
			<xmax>615</xmax>
			<ymax>610</ymax>
		</bndbox>
	</object>
	<object>
		<name>table_value</name>
		<pose>Unspecified</pose>
		<truncated>0</truncated>
		<difficult>0</difficult>
		<bndbox>
			<xmin>499</xmin>
			<ymin>584</ymin>
			<xmax>558</xmax>
			<ymax>609</ymax>
		</bndbox>
	</object>
	<object>
		<name>table_value</name>
		<pose>Unspecified</pose>
		<truncated>0</truncated>
		<difficult>0</difficult>
		<bndbox>
			<xmin>429</xmin>
			<ymin>588</ymin>
			<xmax>481</xmax>
			<ymax>610</ymax>
		</bndbox>
	</object>
	<object>
		<name>table_value</name>
		<pose>Unspecified</pose>
		<truncated>0</truncated>
		<difficult>0</difficult>
		<bndbox>
			<xmin>369</xmin>
			<ymin>582</ymin>
			<xmax>423</xmax>
			<ymax>612</ymax>
		</bndbox>
	</object>
	<object>
		<name>table_value</name>
		<pose>Unspecified</pose>
		<truncated>0</truncated>
		<difficult>0</difficult>
		<bndbox>
			<xmin>302</xmin>
			<ymin>578</ymin>
			<xmax>357</xmax>
			<ymax>609</ymax>
		</bndbox>
	</object>
	<object>
		<name>table_value</name>
		<pose>Unspecified</pose>
		<truncated>0</truncated>
		<difficult>0</difficult>
		<bndbox>
			<xmin>703</xmin>
			<ymin>628</ymin>
			<xmax>766</xmax>
			<ymax>656</ymax>
		</bndbox>
	</object>
	<object>
		<name>table_value</name>
		<pose>Unspecified</pose>
		<truncated>0</truncated>
		<difficult>0</difficult>
		<bndbox>
			<xmin>621</xmin>
			<ymin>631</ymin>
			<xmax>680</xmax>
			<ymax>655</ymax>
		</bndbox>
	</object>
	<object>
		<name>table_value</name>
		<pose>Unspecified</pose>
		<truncated>0</truncated>
		<difficult>0</difficult>
		<bndbox>
			<xmin>565</xmin>
			<ymin>634</ymin>
			<xmax>622</xmax>
			<ymax>654</ymax>
		</bndbox>
	</object>
	<object>
		<name>table_value</name>
		<pose>Unspecified</pose>
		<truncated>0</truncated>
		<difficult>0</difficult>
		<bndbox>
			<xmin>497</xmin>
			<ymin>637</ymin>
			<xmax>553</xmax>
			<ymax>658</ymax>
		</bndbox>
	</object>
	<object>
		<name>table_value</name>
		<pose>Unspecified</pose>
		<truncated>0</truncated>
		<difficult>0</difficult>
		<bndbox>
			<xmin>427</xmin>
			<ymin>632</ymin>
			<xmax>484</xmax>
			<ymax>653</ymax>
		</bndbox>
	</object>
	<object>
		<name>table_value</name>
		<pose>Unspecified</pose>
		<truncated>0</truncated>
		<difficult>0</difficult>
		<bndbox>
			<xmin>363</xmin>
			<ymin>627</ymin>
			<xmax>425</xmax>
			<ymax>653</ymax>
		</bndbox>
	</object>
	<object>
		<name>table_value</name>
		<pose>Unspecified</pose>
		<truncated>0</truncated>
		<difficult>0</difficult>
		<bndbox>
			<xmin>294</xmin>
			<ymin>624</ymin>
			<xmax>356</xmax>
			<ymax>656</ymax>
		</bndbox>
	</object>
	<object>
		<name>title</name>
		<pose>Unspecified</pose>
		<truncated>0</truncated>
		<difficult>0</difficult>
		<bndbox>
			<xmin>52</xmin>
			<ymin>676</ymin>
			<xmax>779</xmax>
			<ymax>823</ymax>
		</bndbox>
	</object>
	<object>
		<name>table_value</name>
		<pose>Unspecified</pose>
		<truncated>0</truncated>
		<difficult>0</difficult>
		<bndbox>
			<xmin>72</xmin>
			<ymin>884</ymin>
			<xmax>259</xmax>
			<ymax>909</ymax>
		</bndbox>
	</object>
	<object>
		<name>table_value</name>
		<pose>Unspecified</pose>
		<truncated>0</truncated>
		<difficult>0</difficult>
		<bndbox>
			<xmin>72</xmin>
			<ymin>1037</ymin>
			<xmax>255</xmax>
			<ymax>1060</ymax>
		</bndbox>
	</object>
	<object>
		<name>table_value</name>
		<pose>Unspecified</pose>
		<truncated>0</truncated>
		<difficult>0</difficult>
		<bndbox>
			<xmin>74</xmin>
			<ymin>1064</ymin>
			<xmax>274</xmax>
			<ymax>1087</ymax>
		</bndbox>
	</object>
	<object>
		<name>table_value</name>
		<pose>Unspecified</pose>
		<truncated>0</truncated>
		<difficult>0</difficult>
		<bndbox>
			<xmin>65</xmin>
			<ymin>1013</ymin>
			<xmax>354</xmax>
			<ymax>1036</ymax>
		</bndbox>
	</object>
	<object>
		<name>table_value</name>
		<pose>Unspecified</pose>
		<truncated>0</truncated>
		<difficult>0</difficult>
		<bndbox>
			<xmin>72</xmin>
			<ymin>988</ymin>
			<xmax>322</xmax>
			<ymax>1007</ymax>
		</bndbox>
	</object>
	<object>
		<name>table_value</name>
		<pose>Unspecified</pose>
		<truncated>0</truncated>
		<difficult>0</difficult>
		<bndbox>
			<xmin>68</xmin>
			<ymin>912</ymin>
			<xmax>258</xmax>
			<ymax>930</ymax>
		</bndbox>
	</object>
	<object>
		<name>table_value</name>
		<pose>Unspecified</pose>
		<truncated>0</truncated>
		<difficult>0</difficult>
		<bndbox>
			<xmin>68</xmin>
			<ymin>962</ymin>
			<xmax>245</xmax>
			<ymax>988</ymax>
		</bndbox>
	</object>
	<object>
		<name>table_value</name>
		<pose>Unspecified</pose>
		<truncated>0</truncated>
		<difficult>0</difficult>
		<bndbox>
			<xmin>64</xmin>
			<ymin>939</ymin>
			<xmax>204</xmax>
			<ymax>958</ymax>
		</bndbox>
	</object>
	<object>
		<name>table_value</name>
		<pose>Unspecified</pose>
		<truncated>0</truncated>
		<difficult>0</difficult>
		<bndbox>
			<xmin>655</xmin>
			<ymin>838</ymin>
			<xmax>756</xmax>
			<ymax>886</ymax>
		</bndbox>
	</object>
	<object>
		<name>table_value</name>
		<pose>Unspecified</pose>
		<truncated>0</truncated>
		<difficult>0</difficult>
		<bndbox>
			<xmin>527</xmin>
			<ymin>836</ymin>
			<xmax>632</xmax>
			<ymax>882</ymax>
		</bndbox>
	</object>
	<object>
		<name>table_value</name>
		<pose>Unspecified</pose>
		<truncated>0</truncated>
		<difficult>0</difficult>
		<bndbox>
			<xmin>389</xmin>
			<ymin>837</ymin>
			<xmax>505</xmax>
			<ymax>880</ymax>
		</bndbox>
	</object>
	<object>
		<name>table_value</name>
		<pose>Unspecified</pose>
		<truncated>0</truncated>
		<difficult>0</difficult>
		<bndbox>
			<xmin>400</xmin>
			<ymin>881</ymin>
			<xmax>502</xmax>
			<ymax>907</ymax>
		</bndbox>
	</object>
	<object>
		<name>table_value</name>
		<pose>Unspecified</pose>
		<truncated>0</truncated>
		<difficult>0</difficult>
		<bndbox>
			<xmin>698</xmin>
			<ymin>1064</ymin>
			<xmax>763</xmax>
			<ymax>1092</ymax>
		</bndbox>
	</object>
	<object>
		<name>table_value</name>
		<pose>Unspecified</pose>
		<truncated>0</truncated>
		<difficult>0</difficult>
		<bndbox>
			<xmin>695</xmin>
			<ymin>1033</ymin>
			<xmax>766</xmax>
			<ymax>1061</ymax>
		</bndbox>
	</object>
	<object>
		<name>table_value</name>
		<pose>Unspecified</pose>
		<truncated>0</truncated>
		<difficult>0</difficult>
		<bndbox>
			<xmin>702</xmin>
			<ymin>1013</ymin>
			<xmax>766</xmax>
			<ymax>1040</ymax>
		</bndbox>
	</object>
	<object>
		<name>table_value</name>
		<pose>Unspecified</pose>
		<truncated>0</truncated>
		<difficult>0</difficult>
		<bndbox>
			<xmin>704</xmin>
			<ymin>984</ymin>
			<xmax>766</xmax>
			<ymax>1011</ymax>
		</bndbox>
	</object>
	<object>
		<name>table_value</name>
		<pose>Unspecified</pose>
		<truncated>0</truncated>
		<difficult>0</difficult>
		<bndbox>
			<xmin>684</xmin>
			<ymin>958</ymin>
			<xmax>769</xmax>
			<ymax>988</ymax>
		</bndbox>
	</object>
	<object>
		<name>table_value</name>
		<pose>Unspecified</pose>
		<truncated>0</truncated>
		<difficult>0</difficult>
		<bndbox>
			<xmin>685</xmin>
			<ymin>937</ymin>
			<xmax>764</xmax>
			<ymax>964</ymax>
		</bndbox>
	</object>
	<object>
		<name>table_value</name>
		<pose>Unspecified</pose>
		<truncated>0</truncated>
		<difficult>0</difficult>
		<bndbox>
			<xmin>686</xmin>
			<ymin>907</ymin>
			<xmax>770</xmax>
			<ymax>931</ymax>
		</bndbox>
	</object>
	<object>
		<name>table_value</name>
		<pose>Unspecified</pose>
		<truncated>0</truncated>
		<difficult>0</difficult>
		<bndbox>
			<xmin>670</xmin>
			<ymin>881</ymin>
			<xmax>773</xmax>
			<ymax>907</ymax>
		</bndbox>
	</object>
	<object>
		<name>table_value</name>
		<pose>Unspecified</pose>
		<truncated>0</truncated>
		<difficult>0</difficult>
		<bndbox>
			<xmin>532</xmin>
			<ymin>1065</ymin>
			<xmax>635</xmax>
			<ymax>1091</ymax>
		</bndbox>
	</object>
	<object>
		<name>table_value</name>
		<pose>Unspecified</pose>
		<truncated>0</truncated>
		<difficult>0</difficult>
		<bndbox>
			<xmin>567</xmin>
			<ymin>1038</ymin>
			<xmax>638</xmax>
			<ymax>1060</ymax>
		</bndbox>
	</object>
	<object>
		<name>table_value</name>
		<pose>Unspecified</pose>
		<truncated>0</truncated>
		<difficult>0</difficult>
		<bndbox>
			<xmin>570</xmin>
			<ymin>1012</ymin>
			<xmax>639</xmax>
			<ymax>1037</ymax>
		</bndbox>
	</object>
	<object>
		<name>table_value</name>
		<pose>Unspecified</pose>
		<truncated>0</truncated>
		<difficult>0</difficult>
		<bndbox>
			<xmin>581</xmin>
			<ymin>985</ymin>
			<xmax>636</xmax>
			<ymax>1009</ymax>
		</bndbox>
	</object>
	<object>
		<name>table_value</name>
		<pose>Unspecified</pose>
		<truncated>0</truncated>
		<difficult>0</difficult>
		<bndbox>
			<xmin>570</xmin>
			<ymin>955</ymin>
			<xmax>635</xmax>
			<ymax>985</ymax>
		</bndbox>
	</object>
	<object>
		<name>table_value</name>
		<pose>Unspecified</pose>
		<truncated>0</truncated>
		<difficult>0</difficult>
		<bndbox>
			<xmin>577</xmin>
			<ymin>930</ymin>
			<xmax>636</xmax>
			<ymax>957</ymax>
		</bndbox>
	</object>
	<object>
		<name>table_value</name>
		<pose>Unspecified</pose>
		<truncated>0</truncated>
		<difficult>0</difficult>
		<bndbox>
			<xmin>569</xmin>
			<ymin>907</ymin>
			<xmax>636</xmax>
			<ymax>935</ymax>
		</bndbox>
	</object>
	<object>
		<name>table_value</name>
		<pose>Unspecified</pose>
		<truncated>0</truncated>
		<difficult>0</difficult>
		<bndbox>
			<xmin>564</xmin>
			<ymin>884</ymin>
			<xmax>632</xmax>
			<ymax>912</ymax>
		</bndbox>
	</object>
	<object>
		<name>table_value</name>
		<pose>Unspecified</pose>
		<truncated>0</truncated>
		<difficult>0</difficult>
		<bndbox>
			<xmin>429</xmin>
			<ymin>1061</ymin>
			<xmax>502</xmax>
			<ymax>1090</ymax>
		</bndbox>
	</object>
	<object>
		<name>table_value</name>
		<pose>Unspecified</pose>
		<truncated>0</truncated>
		<difficult>0</difficult>
		<bndbox>
			<xmin>433</xmin>
			<ymin>1038</ymin>
			<xmax>507</xmax>
			<ymax>1064</ymax>
		</bndbox>
	</object>
	<object>
		<name>table_value</name>
		<pose>Unspecified</pose>
		<truncated>0</truncated>
		<difficult>0</difficult>
		<bndbox>
			<xmin>438</xmin>
			<ymin>1011</ymin>
			<xmax>506</xmax>
			<ymax>1037</ymax>
		</bndbox>
	</object>
	<object>
		<name>table_value</name>
		<pose>Unspecified</pose>
		<truncated>0</truncated>
		<difficult>0</difficult>
		<bndbox>
			<xmin>434</xmin>
			<ymin>982</ymin>
			<xmax>506</xmax>
			<ymax>1012</ymax>
		</bndbox>
	</object>
	<object>
		<name>table_value</name>
		<pose>Unspecified</pose>
		<truncated>0</truncated>
		<difficult>0</difficult>
		<bndbox>
			<xmin>436</xmin>
			<ymin>961</ymin>
			<xmax>507</xmax>
			<ymax>983</ymax>
		</bndbox>
	</object>
	<object>
		<name>table_value</name>
		<pose>Unspecified</pose>
		<truncated>0</truncated>
		<difficult>0</difficult>
		<bndbox>
			<xmin>429</xmin>
			<ymin>933</ymin>
			<xmax>502</xmax>
			<ymax>959</ymax>
		</bndbox>
	</object>
	<object>
		<name>table_value</name>
		<pose>Unspecified</pose>
		<truncated>0</truncated>
		<difficult>0</difficult>
		<bndbox>
			<xmin>424</xmin>
			<ymin>904</ymin>
			<xmax>504</xmax>
			<ymax>934</ymax>
		</bndbox>
	</object>
	<object>
		<name>table_value</name>
		<pose>Unspecified</pose>
		<truncated>0</truncated>
		<difficult>0</difficult>
		<bndbox>
			<xmin>710</xmin>
			<ymin>390</ymin>
			<xmax>771</xmax>
			<ymax>413</ymax>
		</bndbox>
	</object>
	<object>
		<name>table_value</name>
		<pose>Unspecified</pose>
		<truncated>0</truncated>
		<difficult>0</difficult>
		<bndbox>
			<xmin>81</xmin>
			<ymin>541</ymin>
			<xmax>237</xmax>
			<ymax>565</ymax>
		</bndbox>
	</object>
	<object>
		<name>table_value</name>
		<pose>Unspecified</pose>
		<truncated>0</truncated>
		<difficult>0</difficult>
		<bndbox>
			<xmin>78</xmin>
			<ymin>337</ymin>
			<xmax>168</xmax>
			<ymax>363</ymax>
		</bndbox>
	</object>
</annotation>
