<annotation>
	<folder>labeled image</folder>
	<filename>img-7.png</filename>
	<path>/home/samuel/Downloads/labeled image/img-7.png</path>
	<source>
		<database>Unknown</database>
	</source>
	<size>
		<width>840</width>
		<height>1191</height>
		<depth>3</depth>
	</size>
	<segmented>0</segmented>
	<object>
		<name>header</name>
		<pose>Unspecified</pose>
		<truncated>0</truncated>
		<difficult>0</difficult>
		<bndbox>
			<xmin>50</xmin>
			<ymin>42</ymin>
			<xmax>768</xmax>
			<ymax>138</ymax>
		</bndbox>
	</object>
	<object>
		<name>section_header</name>
		<pose>Unspecified</pose>
		<truncated>0</truncated>
		<difficult>0</difficult>
		<bndbox>
			<xmin>64</xmin>
			<ymin>236</ymin>
			<xmax>166</xmax>
			<ymax>274</ymax>
		</bndbox>
	</object>
	<object>
		<name>text</name>
		<pose>Unspecified</pose>
		<truncated>0</truncated>
		<difficult>0</difficult>
		<bndbox>
			<xmin>62</xmin>
			<ymin>272</ymin>
			<xmax>785</xmax>
			<ymax>569</ymax>
		</bndbox>
	</object>
	<object>
		<name>foot_note</name>
		<pose>Unspecified</pose>
		<truncated>0</truncated>
		<difficult>0</difficult>
		<bndbox>
			<xmin>52</xmin>
			<ymin>576</ymin>
			<xmax>200</xmax>
			<ymax>644</ymax>
		</bndbox>
	</object>
</annotation>
