<annotation>
	<folder>labeled image</folder>
	<filename>img-8.png</filename>
	<path>/home/samuel/Downloads/labeled image/img-8.png</path>
	<source>
		<database>Unknown</database>
	</source>
	<size>
		<width>840</width>
		<height>1191</height>
		<depth>3</depth>
	</size>
	<segmented>0</segmented>
	<object>
		<name>header</name>
		<pose>Unspecified</pose>
		<truncated>0</truncated>
		<difficult>0</difficult>
		<bndbox>
			<xmin>57</xmin>
			<ymin>33</ymin>
			<xmax>664</xmax>
			<ymax>142</ymax>
		</bndbox>
	</object>
	<object>
		<name>table_column</name>
		<pose>Unspecified</pose>
		<truncated>0</truncated>
		<difficult>0</difficult>
		<bndbox>
			<xmin>383</xmin>
			<ymin>242</ymin>
			<xmax>497</xmax>
			<ymax>290</ymax>
		</bndbox>
	</object>
	<object>
		<name>table_column</name>
		<pose>Unspecified</pose>
		<truncated>0</truncated>
		<difficult>0</difficult>
		<bndbox>
			<xmin>517</xmin>
			<ymin>239</ymin>
			<xmax>628</xmax>
			<ymax>290</ymax>
		</bndbox>
	</object>
	<object>
		<name>table_column</name>
		<pose>Unspecified</pose>
		<truncated>0</truncated>
		<difficult>0</difficult>
		<bndbox>
			<xmin>653</xmin>
			<ymin>242</ymin>
			<xmax>762</xmax>
			<ymax>290</ymax>
		</bndbox>
	</object>
	<object>
		<name>table_value</name>
		<pose>Unspecified</pose>
		<truncated>0</truncated>
		<difficult>0</difficult>
		<bndbox>
			<xmin>83</xmin>
			<ymin>292</ymin>
			<xmax>188</xmax>
			<ymax>338</ymax>
		</bndbox>
	</object>
	<object>
		<name>table_value</name>
		<pose>Unspecified</pose>
		<truncated>0</truncated>
		<difficult>0</difficult>
		<bndbox>
			<xmin>77</xmin>
			<ymin>340</ymin>
			<xmax>203</xmax>
			<ymax>384</ymax>
		</bndbox>
	</object>
	<object>
		<name>table_value</name>
		<pose>Unspecified</pose>
		<truncated>0</truncated>
		<difficult>0</difficult>
		<bndbox>
			<xmin>72</xmin>
			<ymin>385</ymin>
			<xmax>242</xmax>
			<ymax>407</ymax>
		</bndbox>
	</object>
	<object>
		<name>table_value</name>
		<pose>Unspecified</pose>
		<truncated>0</truncated>
		<difficult>0</difficult>
		<bndbox>
			<xmin>430</xmin>
			<ymin>307</ymin>
			<xmax>498</xmax>
			<ymax>339</ymax>
		</bndbox>
	</object>
	<object>
		<name>table_value</name>
		<pose>Unspecified</pose>
		<truncated>0</truncated>
		<difficult>0</difficult>
		<bndbox>
			<xmin>559</xmin>
			<ymin>302</ymin>
			<xmax>624</xmax>
			<ymax>329</ymax>
		</bndbox>
	</object>
	<object>
		<name>table_value</name>
		<pose>Unspecified</pose>
		<truncated>0</truncated>
		<difficult>0</difficult>
		<bndbox>
			<xmin>570</xmin>
			<ymin>350</ymin>
			<xmax>638</xmax>
			<ymax>382</ymax>
		</bndbox>
	</object>
	<object>
		<name>table_value</name>
		<pose>Unspecified</pose>
		<truncated>0</truncated>
		<difficult>0</difficult>
		<bndbox>
			<xmin>439</xmin>
			<ymin>348</ymin>
			<xmax>492</xmax>
			<ymax>379</ymax>
		</bndbox>
	</object>
	<object>
		<name>table_value</name>
		<pose>Unspecified</pose>
		<truncated>0</truncated>
		<difficult>0</difficult>
		<bndbox>
			<xmin>702</xmin>
			<ymin>383</ymin>
			<xmax>771</xmax>
			<ymax>410</ymax>
		</bndbox>
	</object>
	<object>
		<name>table_value</name>
		<pose>Unspecified</pose>
		<truncated>0</truncated>
		<difficult>0</difficult>
		<bndbox>
			<xmin>566</xmin>
			<ymin>383</ymin>
			<xmax>629</xmax>
			<ymax>410</ymax>
		</bndbox>
	</object>
	<object>
		<name>table_value</name>
		<pose>Unspecified</pose>
		<truncated>0</truncated>
		<difficult>0</difficult>
		<bndbox>
			<xmin>432</xmin>
			<ymin>385</ymin>
			<xmax>495</xmax>
			<ymax>409</ymax>
		</bndbox>
	</object>
	<object>
		<name>table_value</name>
		<pose>Unspecified</pose>
		<truncated>0</truncated>
		<difficult>0</difficult>
		<bndbox>
			<xmin>694</xmin>
			<ymin>349</ymin>
			<xmax>763</xmax>
			<ymax>386</ymax>
		</bndbox>
	</object>
	<object>
		<name>table_value</name>
		<pose>Unspecified</pose>
		<truncated>0</truncated>
		<difficult>0</difficult>
		<bndbox>
			<xmin>433</xmin>
			<ymin>410</ymin>
			<xmax>495</xmax>
			<ymax>434</ymax>
		</bndbox>
	</object>
	<object>
		<name>table_value</name>
		<pose>Unspecified</pose>
		<truncated>0</truncated>
		<difficult>0</difficult>
		<bndbox>
			<xmin>571</xmin>
			<ymin>409</ymin>
			<xmax>633</xmax>
			<ymax>432</ymax>
		</bndbox>
	</object>
	<object>
		<name>table_value</name>
		<pose>Unspecified</pose>
		<truncated>0</truncated>
		<difficult>0</difficult>
		<bndbox>
			<xmin>697</xmin>
			<ymin>404</ymin>
			<xmax>760</xmax>
			<ymax>428</ymax>
		</bndbox>
	</object>
	<object>
		<name>table_value</name>
		<pose>Unspecified</pose>
		<truncated>0</truncated>
		<difficult>0</difficult>
		<bndbox>
			<xmin>78</xmin>
			<ymin>439</ymin>
			<xmax>303</xmax>
			<ymax>478</ymax>
		</bndbox>
	</object>
	<object>
		<name>table_value</name>
		<pose>Unspecified</pose>
		<truncated>0</truncated>
		<difficult>0</difficult>
		<bndbox>
			<xmin>564</xmin>
			<ymin>450</ymin>
			<xmax>636</xmax>
			<ymax>482</ymax>
		</bndbox>
	</object>
	<object>
		<name>table_value</name>
		<pose>Unspecified</pose>
		<truncated>0</truncated>
		<difficult>0</difficult>
		<bndbox>
			<xmin>429</xmin>
			<ymin>449</ymin>
			<xmax>502</xmax>
			<ymax>479</ymax>
		</bndbox>
	</object>
	<object>
		<name>table_value</name>
		<pose>Unspecified</pose>
		<truncated>0</truncated>
		<difficult>0</difficult>
		<bndbox>
			<xmin>701</xmin>
			<ymin>448</ymin>
			<xmax>773</xmax>
			<ymax>480</ymax>
		</bndbox>
	</object>
	<object>
		<name>table_value</name>
		<pose>Unspecified</pose>
		<truncated>0</truncated>
		<difficult>0</difficult>
		<bndbox>
			<xmin>74</xmin>
			<ymin>485</ymin>
			<xmax>215</xmax>
			<ymax>505</ymax>
		</bndbox>
	</object>
	<object>
		<name>table_value</name>
		<pose>Unspecified</pose>
		<truncated>0</truncated>
		<difficult>0</difficult>
		<bndbox>
			<xmin>430</xmin>
			<ymin>478</ymin>
			<xmax>493</xmax>
			<ymax>502</ymax>
		</bndbox>
	</object>
	<object>
		<name>table_value</name>
		<pose>Unspecified</pose>
		<truncated>0</truncated>
		<difficult>0</difficult>
		<bndbox>
			<xmin>567</xmin>
			<ymin>482</ymin>
			<xmax>630</xmax>
			<ymax>505</ymax>
		</bndbox>
	</object>
	<object>
		<name>table_value</name>
		<pose>Unspecified</pose>
		<truncated>0</truncated>
		<difficult>0</difficult>
		<bndbox>
			<xmin>703</xmin>
			<ymin>482</ymin>
			<xmax>766</xmax>
			<ymax>505</ymax>
		</bndbox>
	</object>
	<object>
		<name>table_value</name>
		<pose>Unspecified</pose>
		<truncated>0</truncated>
		<difficult>0</difficult>
		<bndbox>
			<xmin>697</xmin>
			<ymin>512</ymin>
			<xmax>760</xmax>
			<ymax>535</ymax>
		</bndbox>
	</object>
	<object>
		<name>table_value</name>
		<pose>Unspecified</pose>
		<truncated>0</truncated>
		<difficult>0</difficult>
		<bndbox>
			<xmin>431</xmin>
			<ymin>507</ymin>
			<xmax>493</xmax>
			<ymax>531</ymax>
		</bndbox>
	</object>
	<object>
		<name>table_value</name>
		<pose>Unspecified</pose>
		<truncated>0</truncated>
		<difficult>0</difficult>
		<bndbox>
			<xmin>565</xmin>
			<ymin>509</ymin>
			<xmax>627</xmax>
			<ymax>532</ymax>
		</bndbox>
	</object>
	<object>
		<name>table_value</name>
		<pose>Unspecified</pose>
		<truncated>0</truncated>
		<difficult>0</difficult>
		<bndbox>
			<xmin>75</xmin>
			<ymin>510</ymin>
			<xmax>180</xmax>
			<ymax>531</ymax>
		</bndbox>
	</object>
	<object>
		<name>table_value</name>
		<pose>Unspecified</pose>
		<truncated>0</truncated>
		<difficult>0</difficult>
		<bndbox>
			<xmin>74</xmin>
			<ymin>688</ymin>
			<xmax>235</xmax>
			<ymax>711</ymax>
		</bndbox>
	</object>
	<object>
		<name>table_value</name>
		<pose>Unspecified</pose>
		<truncated>0</truncated>
		<difficult>0</difficult>
		<bndbox>
			<xmin>74</xmin>
			<ymin>662</ymin>
			<xmax>197</xmax>
			<ymax>685</ymax>
		</bndbox>
	</object>
	<object>
		<name>table_value</name>
		<pose>Unspecified</pose>
		<truncated>0</truncated>
		<difficult>0</difficult>
		<bndbox>
			<xmin>74</xmin>
			<ymin>633</ymin>
			<xmax>244</xmax>
			<ymax>657</ymax>
		</bndbox>
	</object>
	<object>
		<name>table_value</name>
		<pose>Unspecified</pose>
		<truncated>0</truncated>
		<difficult>0</difficult>
		<bndbox>
			<xmin>75</xmin>
			<ymin>609</ymin>
			<xmax>238</xmax>
			<ymax>632</ymax>
		</bndbox>
	</object>
	<object>
		<name>table_value</name>
		<pose>Unspecified</pose>
		<truncated>0</truncated>
		<difficult>0</difficult>
		<bndbox>
			<xmin>79</xmin>
			<ymin>560</ymin>
			<xmax>235</xmax>
			<ymax>584</ymax>
		</bndbox>
	</object>
	<object>
		<name>table_value</name>
		<pose>Unspecified</pose>
		<truncated>0</truncated>
		<difficult>0</difficult>
		<bndbox>
			<xmin>77</xmin>
			<ymin>790</ymin>
			<xmax>270</xmax>
			<ymax>811</ymax>
		</bndbox>
	</object>
	<object>
		<name>table_value</name>
		<pose>Unspecified</pose>
		<truncated>0</truncated>
		<difficult>0</difficult>
		<bndbox>
			<xmin>79</xmin>
			<ymin>766</ymin>
			<xmax>268</xmax>
			<ymax>787</ymax>
		</bndbox>
	</object>
	<object>
		<name>table_value</name>
		<pose>Unspecified</pose>
		<truncated>0</truncated>
		<difficult>0</difficult>
		<bndbox>
			<xmin>63</xmin>
			<ymin>713</ymin>
			<xmax>218</xmax>
			<ymax>739</ymax>
		</bndbox>
	</object>
	<object>
		<name>table_value</name>
		<pose>Unspecified</pose>
		<truncated>0</truncated>
		<difficult>0</difficult>
		<bndbox>
			<xmin>72</xmin>
			<ymin>533</ymin>
			<xmax>234</xmax>
			<ymax>556</ymax>
		</bndbox>
	</object>
	<object>
		<name>table_value</name>
		<pose>Unspecified</pose>
		<truncated>0</truncated>
		<difficult>0</difficult>
		<bndbox>
			<xmin>431</xmin>
			<ymin>559</ymin>
			<xmax>493</xmax>
			<ymax>583</ymax>
		</bndbox>
	</object>
	<object>
		<name>table_value</name>
		<pose>Unspecified</pose>
		<truncated>0</truncated>
		<difficult>0</difficult>
		<bndbox>
			<xmin>560</xmin>
			<ymin>658</ymin>
			<xmax>623</xmax>
			<ymax>681</ymax>
		</bndbox>
	</object>
	<object>
		<name>table_value</name>
		<pose>Unspecified</pose>
		<truncated>0</truncated>
		<difficult>0</difficult>
		<bndbox>
			<xmin>697</xmin>
			<ymin>661</ymin>
			<xmax>760</xmax>
			<ymax>684</ymax>
		</bndbox>
	</object>
	<object>
		<name>table_value</name>
		<pose>Unspecified</pose>
		<truncated>0</truncated>
		<difficult>0</difficult>
		<bndbox>
			<xmin>424</xmin>
			<ymin>634</ymin>
			<xmax>487</xmax>
			<ymax>658</ymax>
		</bndbox>
	</object>
	<object>
		<name>table_value</name>
		<pose>Unspecified</pose>
		<truncated>0</truncated>
		<difficult>0</difficult>
		<bndbox>
			<xmin>424</xmin>
			<ymin>613</ymin>
			<xmax>486</xmax>
			<ymax>637</ymax>
		</bndbox>
	</object>
	<object>
		<name>table_value</name>
		<pose>Unspecified</pose>
		<truncated>0</truncated>
		<difficult>0</difficult>
		<bndbox>
			<xmin>559</xmin>
			<ymin>612</ymin>
			<xmax>628</xmax>
			<ymax>634</ymax>
		</bndbox>
	</object>
	<object>
		<name>table_value</name>
		<pose>Unspecified</pose>
		<truncated>0</truncated>
		<difficult>0</difficult>
		<bndbox>
			<xmin>715</xmin>
			<ymin>609</ymin>
			<xmax>771</xmax>
			<ymax>633</ymax>
		</bndbox>
	</object>
	<object>
		<name>table_value</name>
		<pose>Unspecified</pose>
		<truncated>0</truncated>
		<difficult>0</difficult>
		<bndbox>
			<xmin>699</xmin>
			<ymin>585</ymin>
			<xmax>761</xmax>
			<ymax>608</ymax>
		</bndbox>
	</object>
	<object>
		<name>table_value</name>
		<pose>Unspecified</pose>
		<truncated>0</truncated>
		<difficult>0</difficult>
		<bndbox>
			<xmin>569</xmin>
			<ymin>579</ymin>
			<xmax>632</xmax>
			<ymax>602</ymax>
		</bndbox>
	</object>
	<object>
		<name>table_value</name>
		<pose>Unspecified</pose>
		<truncated>0</truncated>
		<difficult>0</difficult>
		<bndbox>
			<xmin>703</xmin>
			<ymin>639</ymin>
			<xmax>766</xmax>
			<ymax>662</ymax>
		</bndbox>
	</object>
	<object>
		<name>table_value</name>
		<pose>Unspecified</pose>
		<truncated>0</truncated>
		<difficult>0</difficult>
		<bndbox>
			<xmin>699</xmin>
			<ymin>558</ymin>
			<xmax>761</xmax>
			<ymax>581</ymax>
		</bndbox>
	</object>
	<object>
		<name>table_value</name>
		<pose>Unspecified</pose>
		<truncated>0</truncated>
		<difficult>0</difficult>
		<bndbox>
			<xmin>564</xmin>
			<ymin>555</ymin>
			<xmax>627</xmax>
			<ymax>578</ymax>
		</bndbox>
	</object>
	<object>
		<name>table_value</name>
		<pose>Unspecified</pose>
		<truncated>0</truncated>
		<difficult>0</difficult>
		<bndbox>
			<xmin>434</xmin>
			<ymin>585</ymin>
			<xmax>497</xmax>
			<ymax>608</ymax>
		</bndbox>
	</object>
	<object>
		<name>table_value</name>
		<pose>Unspecified</pose>
		<truncated>0</truncated>
		<difficult>0</difficult>
		<bndbox>
			<xmin>563</xmin>
			<ymin>712</ymin>
			<xmax>625</xmax>
			<ymax>735</ymax>
		</bndbox>
	</object>
	<object>
		<name>table_value</name>
		<pose>Unspecified</pose>
		<truncated>0</truncated>
		<difficult>0</difficult>
		<bndbox>
			<xmin>434</xmin>
			<ymin>712</ymin>
			<xmax>497</xmax>
			<ymax>735</ymax>
		</bndbox>
	</object>
	<object>
		<name>table_value</name>
		<pose>Unspecified</pose>
		<truncated>0</truncated>
		<difficult>0</difficult>
		<bndbox>
			<xmin>699</xmin>
			<ymin>688</ymin>
			<xmax>762</xmax>
			<ymax>712</ymax>
		</bndbox>
	</object>
	<object>
		<name>table_value</name>
		<pose>Unspecified</pose>
		<truncated>0</truncated>
		<difficult>0</difficult>
		<bndbox>
			<xmin>560</xmin>
			<ymin>686</ymin>
			<xmax>623</xmax>
			<ymax>710</ymax>
		</bndbox>
	</object>
	<object>
		<name>table_value</name>
		<pose>Unspecified</pose>
		<truncated>0</truncated>
		<difficult>0</difficult>
		<bndbox>
			<xmin>433</xmin>
			<ymin>685</ymin>
			<xmax>495</xmax>
			<ymax>708</ymax>
		</bndbox>
	</object>
	<object>
		<name>table_value</name>
		<pose>Unspecified</pose>
		<truncated>0</truncated>
		<difficult>0</difficult>
		<bndbox>
			<xmin>431</xmin>
			<ymin>661</ymin>
			<xmax>493</xmax>
			<ymax>685</ymax>
		</bndbox>
	</object>
	<object>
		<name>table_value</name>
		<pose>Unspecified</pose>
		<truncated>0</truncated>
		<difficult>0</difficult>
		<bndbox>
			<xmin>565</xmin>
			<ymin>765</ymin>
			<xmax>627</xmax>
			<ymax>789</ymax>
		</bndbox>
	</object>
	<object>
		<name>table_value</name>
		<pose>Unspecified</pose>
		<truncated>0</truncated>
		<difficult>0</difficult>
		<bndbox>
			<xmin>428</xmin>
			<ymin>765</ymin>
			<xmax>491</xmax>
			<ymax>789</ymax>
		</bndbox>
	</object>
	<object>
		<name>table_value</name>
		<pose>Unspecified</pose>
		<truncated>0</truncated>
		<difficult>0</difficult>
		<bndbox>
			<xmin>699</xmin>
			<ymin>739</ymin>
			<xmax>762</xmax>
			<ymax>762</ymax>
		</bndbox>
	</object>
	<object>
		<name>table_value</name>
		<pose>Unspecified</pose>
		<truncated>0</truncated>
		<difficult>0</difficult>
		<bndbox>
			<xmin>571</xmin>
			<ymin>736</ymin>
			<xmax>633</xmax>
			<ymax>759</ymax>
		</bndbox>
	</object>
	<object>
		<name>table_value</name>
		<pose>Unspecified</pose>
		<truncated>0</truncated>
		<difficult>0</difficult>
		<bndbox>
			<xmin>446</xmin>
			<ymin>735</ymin>
			<xmax>498</xmax>
			<ymax>758</ymax>
		</bndbox>
	</object>
	<object>
		<name>table_value</name>
		<pose>Unspecified</pose>
		<truncated>0</truncated>
		<difficult>0</difficult>
		<bndbox>
			<xmin>699</xmin>
			<ymin>715</ymin>
			<xmax>762</xmax>
			<ymax>738</ymax>
		</bndbox>
	</object>
	<object>
		<name>table_value</name>
		<pose>Unspecified</pose>
		<truncated>0</truncated>
		<difficult>0</difficult>
		<bndbox>
			<xmin>699</xmin>
			<ymin>791</ymin>
			<xmax>762</xmax>
			<ymax>814</ymax>
		</bndbox>
	</object>
	<object>
		<name>table_value</name>
		<pose>Unspecified</pose>
		<truncated>0</truncated>
		<difficult>0</difficult>
		<bndbox>
			<xmin>695</xmin>
			<ymin>761</ymin>
			<xmax>757</xmax>
			<ymax>785</ymax>
		</bndbox>
	</object>
	<object>
		<name>table_value</name>
		<pose>Unspecified</pose>
		<truncated>0</truncated>
		<difficult>0</difficult>
		<bndbox>
			<xmin>567</xmin>
			<ymin>789</ymin>
			<xmax>630</xmax>
			<ymax>813</ymax>
		</bndbox>
	</object>
	<object>
		<name>table_value</name>
		<pose>Unspecified</pose>
		<truncated>0</truncated>
		<difficult>0</difficult>
		<bndbox>
			<xmin>433</xmin>
			<ymin>792</ymin>
			<xmax>495</xmax>
			<ymax>816</ymax>
		</bndbox>
	</object>
	<object>
		<name>table_value</name>
		<pose>Unspecified</pose>
		<truncated>0</truncated>
		<difficult>0</difficult>
		<bndbox>
			<xmin>584</xmin>
			<ymin>631</ymin>
			<xmax>628</xmax>
			<ymax>657</ymax>
		</bndbox>
	</object>
	<object>
		<name>table_value</name>
		<pose>Unspecified</pose>
		<truncated>0</truncated>
		<difficult>0</difficult>
		<bndbox>
			<xmin>71</xmin>
			<ymin>735</ymin>
			<xmax>217</xmax>
			<ymax>760</ymax>
		</bndbox>
	</object>
	<object>
		<name>table_value</name>
		<pose>Unspecified</pose>
		<truncated>0</truncated>
		<difficult>0</difficult>
		<bndbox>
			<xmin>683</xmin>
			<ymin>308</ymin>
			<xmax>761</xmax>
			<ymax>338</ymax>
		</bndbox>
	</object>
</annotation>
