<annotation>
	<folder>labeled image</folder>
	<filename>img-18.png</filename>
	<path>/home/samuel/Downloads/labeled image/img-18.png</path>
	<source>
		<database>Unknown</database>
	</source>
	<size>
		<width>840</width>
		<height>1191</height>
		<depth>3</depth>
	</size>
	<segmented>0</segmented>
	<object>
		<name>text_order</name>
		<pose>Unspecified</pose>
		<truncated>0</truncated>
		<difficult>0</difficult>
		<bndbox>
			<xmin>52</xmin>
			<ymin>231</ymin>
			<xmax>102</xmax>
			<ymax>290</ymax>
		</bndbox>
	</object>
	<object>
		<name>text_order</name>
		<pose>Unspecified</pose>
		<truncated>0</truncated>
		<difficult>0</difficult>
		<bndbox>
			<xmin>43</xmin>
			<ymin>460</ymin>
			<xmax>107</xmax>
			<ymax>537</ymax>
		</bndbox>
	</object>
	<object>
		<name>section_header</name>
		<pose>Unspecified</pose>
		<truncated>0</truncated>
		<difficult>0</difficult>
		<bndbox>
			<xmin>102</xmin>
			<ymin>236</ymin>
			<xmax>259</xmax>
			<ymax>276</ymax>
		</bndbox>
	</object>
	<object>
		<name>text</name>
		<pose>Unspecified</pose>
		<truncated>0</truncated>
		<difficult>0</difficult>
		<bndbox>
			<xmin>97</xmin>
			<ymin>270</ymin>
			<xmax>788</xmax>
			<ymax>563</ymax>
		</bndbox>
	</object>
</annotation>
