<annotation>
	<folder>labeled image</folder>
	<filename>img-16.png</filename>
	<path>/home/samuel/Downloads/labeled image/img-16.png</path>
	<source>
		<database>Unknown</database>
	</source>
	<size>
		<width>840</width>
		<height>1191</height>
		<depth>3</depth>
	</size>
	<segmented>0</segmented>
	<object>
		<name>text_order</name>
		<pose>Unspecified</pose>
		<truncated>0</truncated>
		<difficult>0</difficult>
		<bndbox>
			<xmin>50</xmin>
			<ymin>233</ymin>
			<xmax>97</xmax>
			<ymax>284</ymax>
		</bndbox>
	</object>
	<object>
		<name>section_header</name>
		<pose>Unspecified</pose>
		<truncated>0</truncated>
		<difficult>0</difficult>
		<bndbox>
			<xmin>103</xmin>
			<ymin>241</ymin>
			<xmax>571</xmax>
			<ymax>275</ymax>
		</bndbox>
	</object>
	<object>
		<name>text</name>
		<pose>Unspecified</pose>
		<truncated>0</truncated>
		<difficult>0</difficult>
		<bndbox>
			<xmin>101</xmin>
			<ymin>276</ymin>
			<xmax>772</xmax>
			<ymax>495</ymax>
		</bndbox>
	</object>
	<object>
		<name>text_order</name>
		<pose>Unspecified</pose>
		<truncated>0</truncated>
		<difficult>0</difficult>
		<bndbox>
			<xmin>62</xmin>
			<ymin>495</ymin>
			<xmax>98</xmax>
			<ymax>543</ymax>
		</bndbox>
	</object>
	<object>
		<name>text</name>
		<pose>Unspecified</pose>
		<truncated>0</truncated>
		<difficult>0</difficult>
		<bndbox>
			<xmin>104</xmin>
			<ymin>508</ymin>
			<xmax>794</xmax>
			<ymax>637</ymax>
		</bndbox>
	</object>
	<object>
		<name>text_order</name>
		<pose>Unspecified</pose>
		<truncated>0</truncated>
		<difficult>0</difficult>
		<bndbox>
			<xmin>65</xmin>
			<ymin>646</ymin>
			<xmax>103</xmax>
			<ymax>692</ymax>
		</bndbox>
	</object>
	<object>
		<name>text</name>
		<pose>Unspecified</pose>
		<truncated>0</truncated>
		<difficult>0</difficult>
		<bndbox>
			<xmin>97</xmin>
			<ymin>646</ymin>
			<xmax>810</xmax>
			<ymax>765</ymax>
		</bndbox>
	</object>
	<object>
		<name>text_order</name>
		<pose>Unspecified</pose>
		<truncated>0</truncated>
		<difficult>0</difficult>
		<bndbox>
			<xmin>94</xmin>
			<ymin>774</ymin>
			<xmax>133</xmax>
			<ymax>804</ymax>
		</bndbox>
	</object>
	<object>
		<name>text</name>
		<pose>Unspecified</pose>
		<truncated>0</truncated>
		<difficult>0</difficult>
		<bndbox>
			<xmin>142</xmin>
			<ymin>768</ymin>
			<xmax>778</xmax>
			<ymax>883</ymax>
		</bndbox>
	</object>
	<object>
		<name>text_order</name>
		<pose>Unspecified</pose>
		<truncated>0</truncated>
		<difficult>0</difficult>
		<bndbox>
			<xmin>91</xmin>
			<ymin>880</ymin>
			<xmax>142</xmax>
			<ymax>918</ymax>
		</bndbox>
	</object>
	<object>
		<name>text</name>
		<pose>Unspecified</pose>
		<truncated>0</truncated>
		<difficult>0</difficult>
		<bndbox>
			<xmin>143</xmin>
			<ymin>885</ymin>
			<xmax>770</xmax>
			<ymax>992</ymax>
		</bndbox>
	</object>
</annotation>
