<annotation>
	<folder>labeled image</folder>
	<filename>img-6.png</filename>
	<path>/home/samuel/Downloads/labeled image/img-6.png</path>
	<source>
		<database>Unknown</database>
	</source>
	<size>
		<width>840</width>
		<height>1191</height>
		<depth>3</depth>
	</size>
	<segmented>0</segmented>
	<object>
		<name>text</name>
		<pose>Unspecified</pose>
		<truncated>0</truncated>
		<difficult>0</difficult>
		<bndbox>
			<xmin>58</xmin>
			<ymin>247</ymin>
			<xmax>804</xmax>
			<ymax>969</ymax>
		</bndbox>
	</object>
</annotation>
