<annotation>
	<folder>labeled image</folder>
	<filename>img-0.png</filename>
	<path>/home/samuel/Downloads/labeled image/img-0.png</path>
	<source>
		<database>Unknown</database>
	</source>
	<size>
		<width>840</width>
		<height>1191</height>
		<depth>3</depth>
	</size>
	<segmented>0</segmented>
	<object>
		<name>company name</name>
		<pose>Unspecified</pose>
		<truncated>0</truncated>
		<difficult>0</difficult>
		<bndbox>
			<xmin>50</xmin>
			<ymin>45</ymin>
			<xmax>358</xmax>
			<ymax>199</ymax>
		</bndbox>
	</object>
	<object>
		<name>title</name>
		<pose>Unspecified</pose>
		<truncated>0</truncated>
		<difficult>0</difficult>
		<bndbox>
			<xmin>32</xmin>
			<ymin>190</ymin>
			<xmax>476</xmax>
			<ymax>263</ymax>
		</bndbox>
	</object>
</annotation>
